basename,genre,duration_sec,max_persistence,has_repeats,repeat_frac,n_loop_vertices,loop_span_sec,n_close_pairs,n_distant_pairs,close_sim_mean,distant_loop_sim_mean,distant_loop_sim_std,distant_random_sim_mean,distant_random_sim_std,p_value,significant,rank,track_key,name,artist,popularity,duration_ms,spotify_url,id,space,chroma_excess
pop_01_BIRDS_OF_A_FEATHER_Billie_Eilish.wav,pop,90.0,0.3734726905822754,True,0.4964588103531746,55,86.08,83,1280,0.9708350098437356,0.904030615129891,0.092598274237926,0.8117627339741251,0.1582463054886641,6.177050541703713e-109,True,1,pop_01_BIRDS_OF_A_FEATHER_Billie_Eilish,BIRDS OF A FEATHER,Billie Eilish,95.0,210373.0,https://open.spotify.com/track/6dOtVTDdiauQNBQEDOtlAB,6dOtVTDdiauQNBQEDOtlAB,MuQ,0.0922678811557659
pop_02_Die_With_A_Smile_Lady_Gaga.wav,pop,90.0,0.3563618659973144,True,0.4106869652315097,30,72.47999999999999,20,380,0.960274476415634,0.8354384418719705,0.0853754626524718,0.8261105485959048,0.1059480443441688,0.4963272536368223,False,2,pop_02_Die_With_A_Smile_Lady_Gaga,Die With A Smile,"Lady Gaga, Bruno Mars",92.0,251667.0,https://open.spotify.com/track/2plbrEY59IikOBgBGLjaoe,2plbrEY59IikOBgBGLjaoe,MuQ,0.009327893276065646
pop_03_WILDFLOWER_Billie_Eilish.wav,pop,90.0,0.2563033103942871,True,0.1873901188664718,4,22.72,0,5,,0.804108199077976,0.0806674486775426,0.705516247424403,0.1726405428472458,0.1115881880001709,False,3,pop_03_WILDFLOWER_Billie_Eilish,WILDFLOWER,Billie Eilish,93.0,261466.0,https://open.spotify.com/track/3QaPy1KgI7nu9FJEQUgn6h,3QaPy1KgI7nu9FJEQUgn6h,MuQ,0.09859195165357304
pop_04_Good_Luck__Babe__Chappell_Roan.wav,pop,90.0,0.3223974704742431,True,0.5499980168985427,100,87.04,211,4400,0.9369755297514478,0.8671660084250443,0.0707524252743263,0.872724321881956,0.0706318811279875,0.9999999663764568,False,4,pop_04_Good_Luck__Babe__Chappell_Roan,"Good Luck, Babe!",Chappell Roan,90.0,218423.0,https://open.spotify.com/track/0WbMK4wrZ1wFSty9F7FCgu,0WbMK4wrZ1wFSty9F7FCgu,MuQ,-0.005558313456911712
pop_05_One_Of_The_Girls__with_JENNIE__Lily_Rose_Depp__The_Weeknd.wav,pop,90.0,0.317678689956665,True,0.3111396789642041,42,88.48,21,772,0.909452499606491,0.7536790736500196,0.1594480351841828,0.7517445198783096,0.1663811291697638,0.5106285262274171,False,5,pop_05_One_Of_The_Girls__with_JENNIE__Lily_Rose_Depp__The_Weeknd,"One Of The Girls (with JENNIE, Lily Rose Depp)","The Weeknd, JENNIE, Lily-Rose Depp",93.0,244684.0,https://open.spotify.com/track/7CyPwkp0oE8Ro9Dd5CUDjW,7CyPwkp0oE8Ro9Dd5CUDjW,MuQ,0.0019345537717100347
pop_06_No_One_Noticed_The_Marías.wav,pop,90.0,0.3936796188354492,True,0.2732382661775436,13,34.88,14,51,0.8947377069539851,0.6819147725902436,0.1400735110401047,0.7302202534764992,0.1645901348661624,0.9866144850907342,False,6,pop_06_No_One_Noticed_The_Marías,No One Noticed,The Marías,91.0,236906.0,https://open.spotify.com/track/3siwsiaEoU4Kuuc9WKMUy5,3siwsiaEoU4Kuuc9WKMUy5,MuQ,-0.048305480886255636
pop_07_Beautiful_Things_Benson_Boone.wav,pop,90.0,0.2925302982330322,True,0.2612108502720626,44,88.64,69,796,0.898221796097824,0.8241048805419581,0.1097959831283888,0.7550724793792727,0.1474589190421814,2.240047313734077e-40,True,7,pop_07_Beautiful_Things_Benson_Boone,Beautiful Things,Benson Boone,85.0,180304.0,https://open.spotify.com/track/6tNQ70jh4OwmPGpYy6R2o9,6tNQ70jh4OwmPGpYy6R2o9,MuQ,0.06903240116268539
pop_08_Iris_The_Goo_Goo_Dolls.wav,pop,90.0,0.2670161724090576,True,0.3967744067851029,3,48.48,0,3,,0.944099218737863,0.0294539838726442,0.8166580451419071,0.1209207830167916,0.0199974468616816,True,8,pop_08_Iris_The_Goo_Goo_Dolls,Iris,The Goo Goo Dolls,93.0,289533.0,https://open.spotify.com/track/6Qyc6fS4DsZjB2mRW9DsQs,6Qyc6fS4DsZjB2mRW9DsQs,MuQ,0.12744117359595586
pop_09_Sailor_Song_Gigi_Perez.wav,pop,90.0,0.289499282836914,True,0.4423606839748404,2,10.080000000000004,0,1,,0.8485800831493265,0.0,0.8259511291278129,0.1150582700432742,,False,9,pop_09_Sailor_Song_Gigi_Perez,Sailor Song,Gigi Perez,88.0,211978.0,https://open.spotify.com/track/2262bWmqomIaJXwCRHr13j,2262bWmqomIaJXwCRHr13j,MuQ,0.02262895402151366
pop_10_Sweater_Weather_The_Neighbourhood.wav,pop,90.0,0.3028564453125,True,0.245316449480333,123,73.44000000000001,465,6435,0.8612208458258472,0.778306804527214,0.1382242314495225,0.7200675227715255,0.1692641723392308,3.533498627334529e-143,True,10,pop_10_Sweater_Weather_The_Neighbourhood,Sweater Weather,The Neighbourhood,92.0,240400.0,https://open.spotify.com/track/2QjOHCTQ1Jl3zawyYOpxh6,2QjOHCTQ1Jl3zawyYOpxh6,MuQ,0.05823928175568849
pop_11_Yellow_Coldplay.wav,pop,90.0,0.3322539329528808,True,0.3684432527648526,73,89.11999999999999,119,2312,0.9331076174793936,0.81082070364352,0.127307431186729,0.8119030765787819,0.1175486017719372,0.1024260338404788,False,11,pop_11_Yellow_Coldplay,Yellow,Coldplay,92.0,266773.0,https://open.spotify.com/track/3AJwUDP919kvQ9QcozQPxg,3AJwUDP919kvQ9QcozQPxg,MuQ,-0.0010823729352619216
pop_12_party_4_u_Charli_xcx.wav,pop,90.0,0.3714299201965332,True,0.1910127101064516,8,2.8799999999999955,22,0,0.8957663063516376,,,0.727119745837565,0.1481579029627449,,False,12,pop_12_party_4_u_Charli_xcx,party 4 u,Charli xcx,84.0,296653.0,https://open.spotify.com/track/2RdEC8Ff83WkX7kDVCHseE,2RdEC8Ff83WkX7kDVCHseE,MuQ,
pop_13_Taste_Sabrina_Carpenter.wav,pop,90.0,0.3361741304397583,True,0.5453882818220107,115,83.36,352,5685,0.8665527486912462,0.852055674690004,0.1326883530716174,0.855855411109658,0.1143812184932901,0.0039108432721596,True,13,pop_13_Taste_Sabrina_Carpenter,Taste,Sabrina Carpenter,87.0,157279.0,https://open.spotify.com/track/5G2f63n7IPVPPjfNIGih7Q,5G2f63n7IPVPPjfNIGih7Q,MuQ,-0.0037997364196540317
pop_14_Stargazing_Myles_Smith.wav,pop,90.0,0.3605858087539673,True,0.442215634268245,140,87.2,486,8539,0.9002060195567622,0.7884290412955792,0.1547994513654771,0.7934496269727007,0.1481401713083707,0.8020010944875988,False,14,pop_14_Stargazing_Myles_Smith,Stargazing,Myles Smith,86.0,172533.0,https://open.spotify.com/track/3Vr3zh0r7ALn8VLqCiRR10,3Vr3zh0r7ALn8VLqCiRR10,MuQ,-0.005020585677121492
pop_15_Apocalypse_Cigarettes_After_Sex.wav,pop,90.0,0.3437515497207641,True,0.1527790176533803,102,88.64,322,4407,0.8955250761920629,0.6118167043649634,0.2012141384474975,0.6097224693998132,0.1869888857736276,0.8758342402610798,False,15,pop_15_Apocalypse_Cigarettes_After_Sex,Apocalypse,Cigarettes After Sex,90.0,290146.0,https://open.spotify.com/track/1oAwsWBovWRIp7qLMGPIet,1oAwsWBovWRIp7qLMGPIet,MuQ,0.0020942349651501546
pop_16_CHIHIRO_Billie_Eilish.wav,pop,90.0,0.3609621524810791,True,0.8656866158279197,213,88.64,1207,19609,0.9655563432215586,0.9300072437941782,0.0478690632247632,0.9206787809307128,0.0687202781452798,1.961004156722393e-27,True,16,pop_16_CHIHIRO_Billie_Eilish,CHIHIRO,Billie Eilish,87.0,303440.0,https://open.spotify.com/track/7BRD7x5pt8Lqa1eGYC4dzj,7BRD7x5pt8Lqa1eGYC4dzj,MuQ,0.009328462863465448
pop_17_Espresso_Sabrina_Carpenter.wav,pop,90.0,0.3638608455657959,True,0.7255699842799862,16,83.04,2,107,0.996354779210163,0.923589582550966,0.0504702472858031,0.9137396874272568,0.0529700185830546,0.0320619200254286,True,17,pop_17_Espresso_Sabrina_Carpenter,Espresso,Sabrina Carpenter,86.0,175459.0,https://open.spotify.com/track/2qSkIjg1o9h3YT9RAgYN75,2qSkIjg1o9h3YT9RAgYN75,MuQ,0.009849895123709262
pop_18_End_of_Beginning_Djo.wav,pop,90.0,0.3292195796966553,True,0.2797592074141553,104,88.32000000000001,252,4765,0.9091856540671472,0.7290359173202415,0.1550125418801513,0.7453627978885631,0.1550063149202161,0.9999999999958584,False,18,pop_18_End_of_Beginning_Djo,End of Beginning,Djo,99.0,159245.0,https://open.spotify.com/track/3qhlB30KknSejmIvZZLjOD,3qhlB30KknSejmIvZZLjOD,MuQ,-0.016326880568321545
pop_19_Cruel_Summer_Taylor_Swift.wav,pop,90.0,0.3024041652679443,True,0.9057836681836868,94,77.28,329,3666,0.971936187985217,0.941195965267456,0.0391565701043161,0.9328127185181556,0.0402806150050572,2.5265450426353584e-45,True,19,pop_19_Cruel_Summer_Taylor_Swift,Cruel Summer,Taylor Swift,89.0,178426.0,https://open.spotify.com/track/1BxfuPKGuaTgP7aM0Bbdwr,1BxfuPKGuaTgP7aM0Bbdwr,MuQ,0.008383246749300355
pop_20_Messy_Lola_Young.wav,pop,90.0,0.2819385528564453,True,0.585778833193467,6,70.72,1,14,0.8979983050774423,0.8405953745428242,0.1720499464865843,0.8854138381062598,0.0795312595320767,0.2818189144391071,False,20,pop_20_Messy_Lola_Young,Messy,Lola Young,84.0,284068.0,https://open.spotify.com/track/3SKH53SPQbEnZR4cJPVaz2,3SKH53SPQbEnZR4cJPVaz2,MuQ,-0.04481846356343566
pop_21_Blinding_Lights_The_Weeknd.wav,pop,90.0,0.3080017566680908,True,0.4637620630802539,33,83.67999999999999,48,401,0.9447889243872144,0.8555695843421077,0.0870304353567087,0.8459848140154969,0.0927368044166101,0.029951631425378,True,21,pop_21_Blinding_Lights_The_Weeknd,Blinding Lights,The Weeknd,91.0,200040.0,https://open.spotify.com/track/0VjIjW4GlUZAMYd2vXMi3b,0VjIjW4GlUZAMYd2vXMi3b,MuQ,0.00958477032661087
pop_22_Starboy_The_Weeknd.wav,pop,90.0,0.4141685962677002,True,0.7113707260228869,107,87.2,377,4812,0.9324544102370176,0.863057843239104,0.1255360314359872,0.907076957093362,0.1074746817258606,1.0,False,22,pop_22_Starboy_The_Weeknd,Starboy,"The Weeknd, Daft Punk",91.0,230453.0,https://open.spotify.com/track/7MXVkk9YMctZqd1Srtv4MB,7MXVkk9YMctZqd1Srtv4MB,MuQ,-0.04401911385425805
pop_23_Feel_It__From__Invincible___d4vd.wav,pop,90.0,0.363861083984375,True,0.3589989052020843,64,81.12,198,1599,0.7623930502270997,0.6619348273276356,0.2086788409101254,0.7905308316385631,0.1460485499283748,1.0,False,23,pop_23_Feel_It__From__Invincible___d4vd,Feel Invincible,Skillet,76.0,229933.0,https://open.spotify.com/track/0i8JFpqe9cKwnrcvoNgl1L,0i8JFpqe9cKwnrcvoNgl1L,MuQ,-0.12859600431092744
pop_24_Snooze_SZA.wav,pop,90.0,0.286163330078125,True,0.5085613952472298,14,51.2,8,69,0.9762719689810904,0.9082825293766256,0.0571650182537975,0.8519041242898835,0.0972240940848573,5.56478385503224e-07,True,24,pop_24_Snooze_SZA,Snooze,SZA,88.0,201800.0,https://open.spotify.com/track/4iZ4pt7kvcaH6Yo8UoZ4s2,4iZ4pt7kvcaH6Yo8UoZ4s2,MuQ,0.05637840508674208
pop_25_greedy_Tate_McRae.wav,pop,90.0,0.3508365154266357,True,0.5326411574765129,8,80.0,2,25,0.9011496826100168,0.8320205232462808,0.0846504451192621,0.8393477791505438,0.1188045881658436,0.8852562087975238,False,25,pop_25_greedy_Tate_McRae,greedy,Tate McRae,88.0,131872.0,https://open.spotify.com/track/3rUGC1vUpkDG9CZFHMur1t,3rUGC1vUpkDG9CZFHMur1t,MuQ,-0.007327255904262975
pop_26_Viva_La_Vida_Coldplay.wav,pop,90.0,0.3263888359069824,True,0.5451792692239652,3,13.919999999999996,0,2,,0.8498366743559918,0.0381426047112454,0.8664155494379553,0.0748173518115454,,False,26,pop_26_Viva_La_Vida_Coldplay,Viva La Vida,Coldplay,88.0,242373.0,https://open.spotify.com/track/1mea3bSkSGXuIRvnydlB5b,1mea3bSkSGXuIRvnydlB5b,MuQ,-0.01657887508196354
pop_27_Unwritten_Natasha_Bedingfield.wav,pop,90.0,0.4168136119842529,True,0.550285472176457,10,40.96,4,37,0.9947279641186024,0.8108150653016711,0.1086500721457244,0.871472971568575,0.0935135690510984,0.9994734989003038,False,27,pop_27_Unwritten_Natasha_Bedingfield,Unwritten,Natasha Bedingfield,87.0,259333.0,https://open.spotify.com/track/3U5JVgI2x4rDyHGObzJfNf,3U5JVgI2x4rDyHGObzJfNf,MuQ,-0.060657906266903816
pop_28_Locked_out_of_Heaven_Bruno_Mars.wav,pop,90.0,0.3882907629013061,True,0.706098949837606,24,55.52,16,232,0.9484989063905458,0.921511688946037,0.0509564209024688,0.8892241827772004,0.0734394792423489,2.8211604953157945e-12,True,28,pop_28_Locked_out_of_Heaven_Bruno_Mars,Locked out of Heaven,Bruno Mars,91.0,233478.0,https://open.spotify.com/track/3w3y8KPTfNeOKPiqUTakBh,3w3y8KPTfNeOKPiqUTakBh,MuQ,0.03228750616883658
pop_29_Something_Just_Like_This_The_Chainsmokers.wav,pop,90.0,0.3367993831634521,True,0.4269754680906384,100,88.48,369,4286,0.938580538299232,0.8940939319156711,0.0700530131696161,0.8398042927189525,0.0954722977940976,0.0,True,29,pop_29_Something_Just_Like_This_The_Chainsmokers,Something Just Like This,"The Chainsmokers, Coldplay",88.0,247160.0,https://open.spotify.com/track/6RUKPb4LETWmmr3iAEQktW,6RUKPb4LETWmmr3iAEQktW,MuQ,0.054289639196718587
pop_30_As_It_Was_Harry_Styles.wav,pop,90.0,0.3738675117492676,True,0.3865257384534704,25,55.68,32,241,0.9604011137979324,0.8804270562199762,0.080349632577273,0.7999025440544233,0.128648499240367,6.134461572929605e-22,True,30,pop_30_As_It_Was_Harry_Styles,As It Was,Harry Styles,90.0,167303.0,https://open.spotify.com/track/4Dvkj6JhhA12EX05fT7y2e,4Dvkj6JhhA12EX05fT7y2e,MuQ,0.0805245121655529
pop_31_Give_Me_Everything__feat__Nayer__Pitbull.wav,pop,90.0,0.3418033123016357,True,0.7273555310588313,23,85.11999999999999,16,222,0.9755238873169896,0.8828572325568917,0.1051626870010387,0.9094543223966708,0.0744882493839301,0.9812087947051936,False,31,pop_31_Give_Me_Everything__feat__Nayer__Pitbull,Give Me Everything (feat. Nayer),"Pitbull, AFROJACK, Ne-Yo, Nayer",88.0,252306.0,https://open.spotify.com/track/4QNpBfC0zvjKqPJcyqBy9W,4QNpBfC0zvjKqPJcyqBy9W,MuQ,-0.026597089839779042
pop_32_Pink_Pony_Club_Chappell_Roan.wav,pop,90.0,0.3572416305541992,True,0.3424345308957763,23,79.36,46,175,0.9585900047363778,0.7814663351649511,0.0987344627252875,0.8107869087359011,0.1105464953213828,0.9999517867272678,False,32,pop_32_Pink_Pony_Club_Chappell_Roan,Pink Pony Club,Chappell Roan,85.0,258034.0,https://open.spotify.com/track/1k2pQc5i348DCHwbn5KTdc,1k2pQc5i348DCHwbn5KTdc,MuQ,-0.02932057357094997
pop_33_Slow_It_Down_Benson_Boone.wav,pop,90.0,0.3440897464752197,True,0.3141114351925591,189,88.96,729,15930,0.8941352034952091,0.7965993387282818,0.1246540588871887,0.7857340918552841,0.1404825323515729,3.001223955006594e-09,True,33,pop_33_Slow_It_Down_Benson_Boone,Slow It Down,Benson Boone,84.0,161831.0,https://open.spotify.com/track/51eSHglvG1RJXtL3qI5trr,51eSHglvG1RJXtL3qI5trr,MuQ,0.010865246872997725
pop_34_Everybody_Wants_To_Rule_The_World_Tears_For_Fears.wav,pop,90.0,0.358303427696228,True,0.8000566600416389,3,5.599999999999994,1,1,0.8492508801802774,0.8538339519165643,0.0,0.9123298204836048,0.0442088540751976,,False,34,pop_34_Everybody_Wants_To_Rule_The_World_Tears_For_Fears,Everybody Wants To Rule The World,Tears For Fears,90.0,251488.0,https://open.spotify.com/track/4RvWPyQ5RL0ao9LPZeSouE,4RvWPyQ5RL0ao9LPZeSouE,MuQ,-0.05849586856704048
pop_35_One_Dance_Drake.wav,pop,90.0,0.3730900287628174,True,0.5929202648416257,155,88.0,788,10007,0.9923651588430088,0.9778881796048337,0.0550640724173208,0.8359280588593643,0.1848872264570386,0.0,True,35,pop_35_One_Dance_Drake,One Dance,"Drake, Wizkid, Kyla",91.0,173986.0,https://open.spotify.com/track/1zi7xx7UVEFkmKfv06H8x0,1zi7xx7UVEFkmKfv06H8x0,MuQ,0.14196012074546938
pop_36_Heat_Waves_Glass_Animals.wav,pop,90.0,0.40425705909729,True,0.2135023397449416,5,86.08,0,10,,0.8299451333208806,0.1101736855663532,0.7504056765904186,0.1421744433885828,0.042159315791957,True,36,pop_36_Heat_Waves_Glass_Animals,Heat Waves,Glass Animals,87.0,238805.0,https://open.spotify.com/track/3USxtqRwSYz57Ewm6wWRMp,3USxtqRwSYz57Ewm6wWRMp,MuQ,0.07953945673046203
pop_37_Here_With_Me_d4vd.wav,pop,90.0,0.2865632772445678,True,0.1655802838164441,209,88.96,1020,19223,0.8566436799697525,0.7631742315642591,0.1153671588791044,0.7488615542615897,0.119379569057821,4.119101470010804e-56,True,37,pop_37_Here_With_Me_d4vd,Here With Me,d4vd,86.0,242484.0,https://open.spotify.com/track/0NLm9bQG7ikL5k9x9TtYT7,0NLm9bQG7ikL5k9x9TtYT7,MuQ,0.014312677302669385
pop_38_That_s_What_I_Like_Bruno_Mars.wav,pop,90.0,0.317279577255249,True,0.424257297026418,9,64.48,0,32,,0.8487167797942754,0.0796883573959165,0.7844998467837374,0.1822172364531203,0.1579416892280841,False,38,pop_38_That_s_What_I_Like_Bruno_Mars,That's What I Like,Bruno Mars,91.0,206693.0,https://open.spotify.com/track/0KKkJNfGyhkQ5aFogxQAPU,0KKkJNfGyhkQ5aFogxQAPU,MuQ,0.06421693301053799
pop_39_Cry_Cigarettes_After_Sex.wav,pop,90.0,0.3935596942901611,True,0.1561171754843331,61,84.16000000000001,88,1612,0.840724055260689,0.628706411635607,0.1928992406250891,0.6472772285154883,0.1853760753574836,0.9998952188822728,False,39,pop_39_Cry_Cigarettes_After_Sex,Cry,Cigarettes After Sex,88.0,256799.0,https://open.spotify.com/track/7mDTvYD2ieE4Q28XFziMfJ,7mDTvYD2ieE4Q28XFziMfJ,MuQ,-0.01857081687988127
pop_40_Closer_The_Chainsmokers.wav,pop,90.0,0.404923677444458,True,0.4302181852292308,253,86.24,1863,27267,0.9248228253118153,0.8659361411986887,0.1137391993362107,0.8116017823241267,0.1507183156779116,0.0,True,40,pop_40_Closer_The_Chainsmokers,Closer,"The Chainsmokers, Halsey",88.0,244960.0,https://open.spotify.com/track/7BKLCZ1jbUBVqRi2FVlTVw,7BKLCZ1jbUBVqRi2FVlTVw,MuQ,0.05433435887456195
pop_41_I_Had_Some_Help__Feat__Morgan_Wallen__Post_Malone.wav,pop,90.0,0.3214095830917358,True,0.8898015072830188,4,53.76,0,5,,0.940108435701086,0.0325856679898826,0.9277392688220646,0.0381160166019074,0.2694581547286642,False,41,pop_41_I_Had_Some_Help__Feat__Morgan_Wallen__Post_Malone,I Had Some Help (Feat. Morgan Wallen),"Post Malone, Morgan Wallen",81.0,178205.0,https://open.spotify.com/track/7221xIgOnuakPdLqT0F3nP,7221xIgOnuakPdLqT0F3nP,MuQ,0.012369166879021454
pop_42_Ribs_Lorde.wav,pop,90.0,0.376244306564331,True,0.6739954961562458,204,89.11999999999999,1038,18356,0.9432715939860428,0.8681118328822521,0.1371216543957044,0.8384232758039901,0.1629076870201508,5.935820642911371e-77,True,42,pop_42_Ribs_Lorde,Ribs,Lorde,84.0,258969.0,https://open.spotify.com/track/2MvvoeRt8NcOXWESkxWn3g,2MvvoeRt8NcOXWESkxWn3g,MuQ,0.029688557078262012
pop_43_Stick_Season_Noah_Kahan.wav,pop,90.0,0.2609084844589233,True,0.5135780753339323,184,89.28,830,14794,0.947436146829754,0.7906453446307461,0.1582156042236757,0.8413369786641738,0.1267050430314971,1.0,False,43,pop_43_Stick_Season_Noah_Kahan,Stick Season,Noah Kahan,86.0,182346.0,https://open.spotify.com/track/0mflMxspEfB0VbI1kyLiAv,0mflMxspEfB0VbI1kyLiAv,MuQ,-0.05069163403342769
pop_44_A_Bar_Song__Tipsy__Shaboozey.wav,pop,90.0,0.3667623996734619,True,0.3577747964802782,3,42.559999999999995,0,3,,0.8566091198229198,0.0419661795747103,0.8230727114659678,0.1102435174613322,0.3894016848133599,False,44,pop_44_A_Bar_Song__Tipsy__Shaboozey,A Bar Song (Tipsy),Shaboozey,83.0,171291.0,https://open.spotify.com/track/2FQrifJ1N335Ljm3TjTVVf,2FQrifJ1N335Ljm3TjTVVf,MuQ,0.03353640835695193
pop_45_Romantic_Homicide_d4vd.wav,pop,90.0,0.2609951496124267,True,0.3545320793416858,29,87.67999999999999,37,326,0.9600231374772432,0.8518097047978042,0.1710058370103688,0.7209344153445303,0.2119368239084578,1.8334668599419875e-34,True,45,pop_45_Romantic_Homicide_d4vd,Romantic Homicide,d4vd,86.0,132630.0,https://open.spotify.com/track/1xK59OXxi2TAAAbmZK0kBL,1xK59OXxi2TAAAbmZK0kBL,MuQ,0.13087528945327387
pop_47_Love_Me_Lil_Wayne.wav,pop,90.0,0.3788187503814697,True,0.2086381381258495,3,23.04,0,3,,0.9393601889223292,0.0398824770432037,0.688985929849473,0.1855811043007633,0.0064942574643607,True,47,pop_47_Love_Me_Lil_Wayne,Poker Face,Lady Gaga,81.0,237200.0,https://open.spotify.com/track/5R8dQOPq8haW94K7mgERlO,5R8dQOPq8haW94K7mgERlO,MuQ,0.25037425907285615
pop_48_Poker_Face_Lady_Gaga.wav,pop,90.0,0.3696774244308471,True,0.9993238568364432,140,88.48,438,8625,0.9805765920918268,0.9679742261281702,0.0262879682747908,0.97160207120014,0.0253138642735551,1.0,False,48,pop_48_Poker_Face_Lady_Gaga,Just Dance,"Lady Gaga, Colby O'Donis",79.0,241933.0,https://open.spotify.com/track/2x7MyWybabEz6Y6wvHuwGE,2x7MyWybabEz6Y6wvHuwGE,MuQ,-0.003627845071969782
pop_49_Just_Dance_Lady_Gaga.wav,pop,90.0,0.3740286827087402,True,0.6864112222137582,11,76.16,4,49,0.8866063790327147,0.8680222526875464,0.0828999180431099,0.9069861861835864,0.0604503293427154,0.9988859246208778,False,49,pop_49_Just_Dance_Lady_Gaga,Last Friday Night (T.G.I.F.),Katy Perry,77.0,230733.0,https://open.spotify.com/track/3avYqdwHKEq8beXbeWCKqJ,3avYqdwHKEq8beXbeWCKqJ,MuQ,-0.03896393349603999
electronic_01_Let_Me_Love_You_DJ_Snake.wav,electronic,90.0,0.3895747661590576,True,0.4723085378498521,98,88.64,210,4207,0.9486730260089552,0.8226429354124618,0.1344591231927076,0.7981897496693553,0.1575422442856823,1.631387798852787e-07,True,1,electronic_01_Let_Me_Love_You_DJ_Snake,Let Me Love You,"DJ Snake, Justin Bieber",90.0,205946.0,https://open.spotify.com/track/0lYBSQXN6rCTvUZvg9S0lU,0lYBSQXN6rCTvUZvg9S0lU,MuQ,0.02445318574310651
electronic_02_Ride_Or_Die__Pt__2__with_Villano_Antillano___Tokischa__Sevdaliza.wav,electronic,90.0,0.3592004776000976,True,0.5214562134345995,35,79.2,34,511,0.9224147189925914,0.8630033732260649,0.1230604945112937,0.856232947724199,0.1023515173490184,8.439471550597628e-05,True,2,electronic_02_Ride_Or_Die__Pt__2__with_Villano_Antillano___Tokischa__Sevdaliza,"Ride Or Die, Pt. 2 (with Villano Antillano & Tokischa)","Sevdaliza, Villano Antillano, Tokischa",79.0,158728.0,https://open.spotify.com/track/5oYVxFt2k4SkVp6wzVsFWN,5oYVxFt2k4SkVp6wzVsFWN,MuQ,0.0067704255018659065
electronic_03_Angel_Massive_Attack.wav,electronic,90.0,0.3741581439971924,True,0.7447832784885116,193,88.96,1009,16267,0.9412373980413918,0.9323270619624692,0.0521328216022023,0.9248380026445484,0.0566064333024434,3.874937144771109e-52,True,3,electronic_03_Angel_Massive_Attack,Angel,"Massive Attack, Horace Andy",80.0,379533.0,https://open.spotify.com/track/7uv632EkfwYhXoqf8rhYrg,7uv632EkfwYhXoqf8rhYrg,MuQ,0.007489059317920765
electronic_04_Middle_DJ_Snake.wav,electronic,90.0,0.3661844730377197,True,0.3214137813589722,2,0.1600000000000001,1,0,0.9941383527788976,,,0.7791359897366391,0.1438284978465288,,False,4,electronic_04_Middle_DJ_Snake,Middle,"DJ Snake, Bipolar Sunshine",80.0,220573.0,https://open.spotify.com/track/0g5EKLgdKvNlln7TNqBByK,0g5EKLgdKvNlln7TNqBByK,MuQ,
electronic_05_Glory_Box_Portishead.wav,electronic,90.0,0.2792892456054687,True,0.2775740184749509,29,64.47999999999999,24,329,0.8389934531379994,0.7280343436715024,0.1756703893613475,0.6865637551677124,0.2267381617207034,0.011165475223842,True,5,electronic_05_Glory_Box_Portishead,Glory Box,Portishead,79.0,308626.0,https://open.spotify.com/track/3Ty7OTBNSigGEpeW2PqcsC,3Ty7OTBNSigGEpeW2PqcsC,MuQ,0.04147058850379004
electronic_06_Loco_Contigo__feat__J__Balvin___Tyga__DJ_Snake.wav,electronic,90.0,0.3595905303955078,True,0.404662114137247,77,88.96000000000001,167,2580,0.9195598707134972,0.8424282723073706,0.1187070225010356,0.8171477588805821,0.1369409089860837,3.2631867092411504e-16,True,6,electronic_06_Loco_Contigo__feat__J__Balvin___Tyga__DJ_Snake,Loco Contigo (feat. J. Balvin & Tyga),"DJ Snake, J Balvin, Tyga",74.0,185194.0,https://open.spotify.com/track/6osaMSJh9NguagEDQcZaKx,6osaMSJh9NguagEDQcZaKx,MuQ,0.025280513426788498
electronic_07_You_Know_You_Like_It_DJ_Snake.wav,electronic,90.0,0.333261489868164,True,0.3754286804316991,22,80.96,25,179,0.9320544178702532,0.7992403726189378,0.1328088542295091,0.8131367751201553,0.1227296019335252,0.9152017999216084,False,7,electronic_07_You_Know_You_Like_It_DJ_Snake,You Know You Like It,"DJ Snake, AlunaGeorge",77.0,247266.0,https://open.spotify.com/track/57kR5SniQIbsbVoIjjOUDa,57kR5SniQIbsbVoIjjOUDa,MuQ,-0.013896402501217486
electronic_08_Where_s_Your_Head_At_Basement_Jaxx.wav,electronic,90.0,0.2920007705688476,True,0.5940139295564589,57,81.60000000000001,91,1383,0.8925529842844102,0.8991230804479002,0.0642432590636307,0.8841326042662184,0.0764607518799958,2.808794158220164e-09,True,8,electronic_08_Where_s_Your_Head_At_Basement_Jaxx,Where's Your Head At,Basement Jaxx,71.0,285533.0,https://open.spotify.com/track/3cJh89D0za2SW705fNBo3b,3cJh89D0za2SW705fNBo3b,MuQ,0.014990476181681811
electronic_09_Taki_Taki__feat__Selena_Gomez__Ozuna___Cardi_B__DJ_Snake.wav,electronic,90.0,0.3651173114776611,True,0.7719410660020234,65,83.84,174,1841,0.982718622189066,0.9505471758657448,0.062599790648876,0.9232226981638176,0.0767306539066838,7.395053548390419e-71,True,9,electronic_09_Taki_Taki__feat__Selena_Gomez__Ozuna___Cardi_B__DJ_Snake,"Taki Taki (feat. Selena Gomez, Ozuna & Cardi B)","DJ Snake, Selena Gomez, Ozuna, Cardi B",75.0,212500.0,https://open.spotify.com/track/0KoiMHhqKLoL4xM54rcWYY,0KoiMHhqKLoL4xM54rcWYY,MuQ,0.02732447770192714
electronic_10_Closer_Nine_Inch_Nails.wav,electronic,90.0,0.4384220838546753,True,0.7480468968869084,4,28.000000000000007,0,6,,0.9396102752514968,0.0243552771162781,0.911740086282398,0.060804358017437,0.1825078762034945,False,10,electronic_10_Closer_Nine_Inch_Nails,Closer,Nine Inch Nails,76.0,373306.0,https://open.spotify.com/track/5mc6EyF1OIEOhAkD0Gg9Lc,5mc6EyF1OIEOhAkD0Gg9Lc,MuQ,0.027870188969098764
electronic_11_Tom_Tom_Holy_Fuck.wav,electronic,90.0,0.3938635587692261,True,0.6698758074842879,32,73.92,37,407,0.9864008434228676,0.9180925530578664,0.0646323171447603,0.8973358667664609,0.0661936203210847,2.2425041022650347e-12,True,11,electronic_11_Tom_Tom_Holy_Fuck,Tom Tom,Holy Fuck,66.0,227720.0,https://open.spotify.com/track/3aMIgXaB04SzL68n4lMWLL,3aMIgXaB04SzL68n4lMWLL,MuQ,0.02075668629140548
electronic_12_Assumptions_Sam_Gellaitry.wav,electronic,90.0,0.4632142782211303,True,0.6127718029414116,103,88.96,336,4433,0.9361477844173952,0.9019908696945488,0.0936981157049781,0.8776112981260006,0.0885513123009914,6.251670098285537e-152,True,12,electronic_12_Assumptions_Sam_Gellaitry,Assumptions,Sam Gellaitry,67.0,220838.0,https://open.spotify.com/track/4NczzeHBQPPDO0B9AAmB8d,4NczzeHBQPPDO0B9AAmB8d,MuQ,0.024379571568548197
electronic_13_The_Look_Metronomy.wav,electronic,90.0,0.3417760133743286,True,0.3258264654018047,113,86.24,306,5602,0.8970181084423342,0.7389726776009742,0.1602605044974342,0.7657834537748547,0.151437365912108,1.0,False,13,electronic_13_The_Look_Metronomy,The Look,Metronomy,72.0,277653.0,https://open.spotify.com/track/6zfczP87XO2SxWlQtnjFNa,6zfczP87XO2SxWlQtnjFNa,MuQ,-0.0268107761738805
electronic_14_U_Are_My_High__with_Future__DJ_Snake.wav,electronic,90.0,0.3657053709030151,True,0.5206547886234191,13,15.840000000000003,21,50,0.957566495498938,0.8637383205371966,0.0765465492178457,0.8433744143585208,0.1259626892464767,0.4704250709188524,False,14,electronic_14_U_Are_My_High__with_Future__DJ_Snake,U Are My High (with Future),"DJ Snake, Future",72.0,211200.0,https://open.spotify.com/track/0ITaSRuI0L1RNL7ZNYTTi7,0ITaSRuI0L1RNL7ZNYTTi7,MuQ,0.020363906178675784
electronic_15_Teardrop_Massive_Attack.wav,electronic,90.0,0.4313740730285644,True,0.8082429028576177,44,87.68,56,813,0.9601043517808538,0.9400184014087244,0.0418197745313073,0.9272584229692564,0.0450441791049585,3.134821832943466e-18,True,15,electronic_15_Teardrop_Massive_Attack,Teardrop,"Massive Attack, Elizabeth Fraser",75.0,330773.0,https://open.spotify.com/track/67Hna13dNDkZvBpTXRIaOJ,67Hna13dNDkZvBpTXRIaOJ,MuQ,0.012759978439467967
electronic_16_Midas_Maribou_State.wav,electronic,90.0,0.2877957820892334,True,0.2756424146998812,265,89.28,1694,30810,0.8673063860844611,0.7822856172609709,0.1259202644610215,0.7763429362360807,0.1268541342545414,9.924177908898563e-17,True,16,electronic_16_Midas_Maribou_State,Midas,"Maribou State, Holly Walker",72.0,218357.0,https://open.spotify.com/track/6VNooTY5w9A9wg1YUsEbKB,6VNooTY5w9A9wg1YUsEbKB,MuQ,0.005942681024890151
electronic_17_Taki_Taki__with_Selena_Gomez__Ozuna___Cardi_B__DJ_Snake.wav,electronic,90.0,0.3651173114776611,True,0.7719410660020234,65,83.84,174,1841,0.982718622189066,0.9505471758657448,0.062599790648876,0.9232226981638176,0.0767306539066838,7.395053548390419e-71,True,17,electronic_17_Taki_Taki__with_Selena_Gomez__Ozuna___Cardi_B__DJ_Snake,"Taki Taki (with Selena Gomez, Ozuna & Cardi B)","DJ Snake, Selena Gomez, Ozuna, Cardi B",73.0,212500.0,https://open.spotify.com/track/4w8niZpiMy6qz1mntFA5uM,4w8niZpiMy6qz1mntFA5uM,MuQ,0.02732447770192714
electronic_18_Glue_BICEP.wav,electronic,90.0,0.4077996015548706,True,0.1810814639192002,38,81.6,55,637,0.942718392273554,0.6579123096681131,0.224738072203681,0.6962608129844065,0.1696338169324074,0.9998237605975626,False,18,electronic_18_Glue_BICEP,Glue,BICEP,72.0,269149.0,https://open.spotify.com/track/2aJDlirz6v2a4HREki98cP,2aJDlirz6v2a4HREki98cP,MuQ,-0.03834850331629336
electronic_19_Neverender_Justice.wav,electronic,90.0,0.3895308971405029,True,0.4051611002372796,38,80.64,57,554,0.9786448657616033,0.95212483603927,0.0286510454121865,0.7912040340788207,0.1538658997504844,4.600055133109061e-140,True,19,electronic_19_Neverender_Justice,Neverender,"Justice, Tame Impala",65.0,266493.0,https://open.spotify.com/track/0ccoGCaOFCxI6pHixrQpKj,0ccoGCaOFCxI6pHixrQpKj,MuQ,0.16092080196044933
electronic_20_Six_Days_-_Remix_DJ_Shadow.wav,electronic,90.0,0.4005229473114013,True,0.9935489394814097,49,89.28,97,961,0.9858172638965522,0.978184230344666,0.0132335181486514,0.9644555388496288,0.0230903258119074,1.133577083169667e-90,True,20,electronic_20_Six_Days_-_Remix_DJ_Shadow,Six Days - Remix,"DJ Shadow, Mos Def",73.0,232000.0,https://open.spotify.com/track/5j3QqRGflS4o5jbsFSwKW1,5j3QqRGflS4o5jbsFSwKW1,MuQ,0.013728691495037193
electronic_21_Turn_Down_for_What_DJ_Snake.wav,electronic,90.0,0.6545183658599854,True,0.5385163001496455,10,55.03999999999999,13,11,0.987261218563228,0.965163017727852,0.0370527437933005,0.8316623916612383,0.1385029741176773,1.9342439543564972e-05,True,21,electronic_21_Turn_Down_for_What_DJ_Snake,Turn Down for What,"DJ Snake, Lil Jon",71.0,213733.0,https://open.spotify.com/track/67awxiNHNyjMXhVgsHuIrs,67awxiNHNyjMXhVgsHuIrs,MuQ,0.13350062606661361
electronic_22_where_s_my_head_at___Basement_Jaxx.wav,electronic,90.0,0.3298442363739013,True,0.3786272027378132,12,10.4,23,33,0.9721359162656816,0.9719248458882176,0.0288386990065959,0.814158667157773,0.1312814940223605,2.731288005797764e-17,True,22,electronic_22_where_s_my_head_at___Basement_Jaxx,where's my head at _,"Basement Jaxx, 100 gecs",67.0,152822.0,https://open.spotify.com/track/1hJN8hZvzEvOvqX32jSSrw,1hJN8hZvzEvOvqX32jSSrw,MuQ,0.15776617873044463
electronic_23_Steal_Maribou_State.wav,electronic,90.0,0.2844579219818115,True,0.23382692623681,251,88.96000000000001,1382,27857,0.8874753616564519,0.7480849478265919,0.1468984412258464,0.7381209589651374,0.1529888919986819,1.0706781008888881e-18,True,23,electronic_23_Steal_Maribou_State,Steal,"Maribou State, Holly Walker",69.0,219945.0,https://open.spotify.com/track/0pAiyIHt9DyHOjWgF41kp6,0pAiyIHt9DyHOjWgF41kp6,MuQ,0.009963988861454443
electronic_24_9_Dean_Blunt.wav,electronic,87.115125,0.2855651378631592,True,0.336690959002047,105,78.72000000000001,297,4768,0.8565706855236338,0.7968928348326644,0.1652566466188479,0.7362343409030851,0.2016227376636889,3.29063092864805e-82,True,24,electronic_24_9_Dean_Blunt,9,"Dean Blunt, Panda Bear",75.0,87115.0,https://open.spotify.com/track/5JXtkWtuqS8Dm8sKbtPGWa,5JXtkWtuqS8Dm8sKbtPGWa,MuQ,0.06065849392957923
electronic_25_100_Dean_Blunt.wav,electronic,90.0,0.3562517166137695,True,0.8761672125966604,185,88.8,799,15101,0.9497459999433356,0.9374265840204395,0.0444984960409842,0.937447194132856,0.0453652352788239,0.7941485011734984,False,25,electronic_25_100_Dean_Blunt,100,Dean Blunt,72.0,200906.0,https://open.spotify.com/track/784VjdNkpXhFV0RHquzsi2,784VjdNkpXhFV0RHquzsi2,MuQ,-2.0610112416497017e-05
electronic_26_Hollow__feat__Bonn__MORTEN.wav,electronic,90.0,0.3146212100982666,True,0.2160937182270947,4,22.08,0,6,,0.7038444312074295,0.1871073172009943,0.7094901112621184,0.1634194293158359,0.5981578689395795,False,26,electronic_26_Hollow__feat__Bonn__MORTEN,Hollow (feat. Bonn),"MORTEN, ARTBAT, Bonn",69.0,200859.0,https://open.spotify.com/track/7EdPWyTm6EtO5httz2Dcoa,7EdPWyTm6EtO5httz2Dcoa,MuQ,-0.005645680054688906
electronic_27_Tsunami_DVBBS.wav,electronic,90.0,0.4322423934936523,True,0.5663626960358746,24,78.72,34,217,0.9492005991904814,0.9445903310022592,0.0752647628767003,0.876247654283127,0.1085416938849001,1.481818458255097e-26,True,27,electronic_27_Tsunami_DVBBS,Tsunami,"DVBBS, Borgeous",67.0,236706.0,https://open.spotify.com/track/0vZCG0H9KhtU7K8MEUVAoV,0vZCG0H9KhtU7K8MEUVAoV,MuQ,0.06834267671913219
electronic_28_Bayside_-_Radio_Edit_Obskür.wav,electronic,90.0,0.3925057649612427,True,0.6036588536666286,194,88.0,1041,16198,0.8955290954852606,0.8506869021016298,0.1006183285211112,0.8713485765301432,0.0914391000516291,1.0,False,28,electronic_28_Bayside_-_Radio_Edit_Obskür,Bayside - Radio Edit,Obskür,69.0,197419.0,https://open.spotify.com/track/7hYW4hKuPkfaLbzTpg9hQB,7hYW4hKuPkfaLbzTpg9hQB,MuQ,-0.02066167442851341
electronic_29_Galvanize_The_Chemical_Brothers.wav,electronic,90.0,0.3349103927612304,True,0.7682790645553037,19,40.96,22,128,0.98088569534304,0.9589611186094512,0.0517089196881175,0.906849623211268,0.0641627220695024,1.3388321171421004e-27,True,29,electronic_29_Galvanize_The_Chemical_Brothers,Galvanize,The Chemical Brothers,67.0,393813.0,https://open.spotify.com/track/4bz7uB4edifWKJXSDxwHcs,4bz7uB4edifWKJXSDxwHcs,MuQ,0.05211149539818316
electronic_30_Rip___Tear_Mick_Gordon.wav,electronic,90.0,0.3081579208374023,True,0.5881678723713676,96,85.44,385,3670,0.9623327759126482,0.9029039532257034,0.0931451580956295,0.867040726979117,0.0939038456964972,1.619712704775339e-188,True,30,electronic_30_Rip___Tear_Mick_Gordon,Rip & Tear,Mick Gordon,64.0,257734.0,https://open.spotify.com/track/5soMJpcVhSrGrB4prvPL6P,5soMJpcVhSrGrB4prvPL6P,MuQ,0.03586322624658633
electronic_31_D_A_N_C_E_Justice.wav,electronic,90.0,0.2886292934417724,True,0.7097959545989382,7,62.08,1,17,0.9824764352255426,0.8392649068337524,0.1101567261758571,0.9002283020614036,0.0776721102092979,0.9952843887559016,False,31,electronic_31_D_A_N_C_E_Justice,D.A.N.C.E.,Justice,67.0,242266.0,https://open.spotify.com/track/33yAEqzKXexYM3WlOYtTfQ,33yAEqzKXexYM3WlOYtTfQ,MuQ,-0.06096339522765115
electronic_32_Sour_Times_Portishead.wav,electronic,90.0,0.3711634874343872,True,0.4707558008865408,2,81.6,0,1,,0.9943008264338928,0.0,0.855642518075078,0.0845082904128865,,False,32,electronic_32_Sour_Times_Portishead,Sour Times,Portishead,68.0,252266.0,https://open.spotify.com/track/6vTtCOimcPs5H1Jr9d0Aep,6vTtCOimcPs5H1Jr9d0Aep,MuQ,0.13865830835881487
electronic_33_Red_Sex_Vessel.wav,electronic,90.0,0.3516546487808227,True,0.5823694096212528,170,85.11999999999999,1037,12002,0.947021969186086,0.9172857820178656,0.0742304359054671,0.8699539739450888,0.107927745103017,0.0,True,33,electronic_33_Red_Sex_Vessel,Red Sex,Vessel,66.0,337405.0,https://open.spotify.com/track/2KBOfdbo1WlLsPI87RrqPH,2KBOfdbo1WlLsPI87RrqPH,MuQ,0.047331808072776815
electronic_34_La_leçon_particulière_-_Bande_originale_du_film__La_leçon_particulière__Francis_Lai.wav,electronic,90.0,0.336261510848999,True,0.146108871640453,6,68.47999999999999,4,11,0.9711364991291802,0.9552083556985512,0.0437242650773616,0.5826115766100252,0.2205969020728964,1.6091470337144106e-07,True,34,electronic_34_La_leçon_particulière_-_Bande_originale_du_film__La_leçon_particulière__Francis_Lai,"La leçon particulière - Bande originale du film ""La leçon particulière""","Francis Lai, Christian Gaubert",68.0,105560.0,https://open.spotify.com/track/4OWa2dOlmtvMDhFrFL0QA1,4OWa2dOlmtvMDhFrFL0QA1,MuQ,0.37259677908852606
electronic_35_Nervous_Tics_Maribou_State.wav,electronic,90.0,0.3100636005401611,True,0.5413577382822312,51,72.48,71,1093,0.9411818636039576,0.8755856174841963,0.0894805153225806,0.8604236126858369,0.0896471857006306,7.41880205256718e-12,True,35,electronic_35_Nervous_Tics_Maribou_State,Nervous Tics,"Maribou State, Holly Walker",66.0,254020.0,https://open.spotify.com/track/2oJ8Il24SIiDCJv39RYzPp,2oJ8Il24SIiDCJv39RYzPp,MuQ,0.015162004798359385
electronic_36_Sexy_Boy_Air.wav,electronic,90.0,0.323190689086914,True,0.2131257393348488,11,77.11999999999999,1,50,0.9870032836927114,0.7464538521638149,0.1223301188573731,0.7413984829204542,0.1305316338991632,0.4301718664811876,False,36,electronic_36_Sexy_Boy_Air,Sexy Boy,Air,59.0,298466.0,https://open.spotify.com/track/7Fx3o9QtK1vtpkEWkM6OJu,7Fx3o9QtK1vtpkEWkM6OJu,MuQ,0.005055369243360697
electronic_37_Shootout_Izzamuzzic.wav,electronic,90.0,0.3948882818222046,True,0.333759752609667,11,75.84,1,44,0.5630721917860096,0.8840761697740617,0.0839962002555702,0.797176006491778,0.133438241995013,6.9222755268973706e-06,True,37,electronic_37_Shootout_Izzamuzzic,Shootout,"Izzamuzzic, Julien Marchal",66.0,295308.0,https://open.spotify.com/track/4pTkDIlpFNoeWbahu8pVXW,4pTkDIlpFNoeWbahu8pVXW,MuQ,0.08690016328228367
electronic_38_Alibi__with_Pabllo_Vittar___Yseult__Sevdaliza.wav,electronic,90.0,0.3223292827606201,True,0.2815647740743795,184,89.11999999999999,787,14924,0.876632238423116,0.7810324870818649,0.1395025669918201,0.76898769001832,0.1414015856642461,3.996963476820237e-27,True,38,electronic_38_Alibi__with_Pabllo_Vittar___Yseult__Sevdaliza,Alibi (with Pabllo Vittar & Yseult),"Sevdaliza, Pabllo Vittar, Yseult",56.0,161655.0,https://open.spotify.com/track/6G15l720kBWvIQZyoEJEYE,6G15l720kBWvIQZyoEJEYE,MuQ,0.012044797063544888
electronic_39_The_Hand_That_Feeds_Nine_Inch_Nails.wav,electronic,90.0,0.3478347063064575,True,0.9999026706395848,210,89.28,1262,18930,0.9802233703669032,0.9605533314574592,0.0216697410096616,0.9608867296907712,0.0225037368684665,0.9999400328011542,False,39,electronic_39_The_Hand_That_Feeds_Nine_Inch_Nails,The Hand That Feeds,Nine Inch Nails,67.0,211680.0,https://open.spotify.com/track/5ugzDiilhy6ILKmKfhEzd7,5ugzDiilhy6ILKmKfhEzd7,MuQ,-0.0003333982333119101
electronic_40_Dance_Yrself_Clean_LCD_Soundsystem.wav,electronic,90.0,0.324069619178772,True,0.7311503688253933,15,73.92,5,91,0.982632253552698,0.8981089533802271,0.0595657926582725,0.904456189649663,0.0565324057289122,0.8621660116861214,False,40,electronic_40_Dance_Yrself_Clean_LCD_Soundsystem,Dance Yrself Clean,LCD Soundsystem,66.0,536471.0,https://open.spotify.com/track/2cmRpmO04TLaKPzmAzySYZ,2cmRpmO04TLaKPzmAzySYZ,MuQ,-0.006347236269435896
electronic_41_Xtal_Aphex_Twin.wav,electronic,90.0,0.466023325920105,True,0.6936527532688123,214,88.64,1133,20037,0.9306798625836544,0.9215489307854238,0.0619284512380339,0.914714702468398,0.067752080270812,1.1246573134112871e-24,True,41,electronic_41_Xtal_Aphex_Twin,Xtal,Aphex Twin,70.0,293751.0,https://open.spotify.com/track/7o2AeQZzfCERsRmOM86EcB,7o2AeQZzfCERsRmOM86EcB,MuQ,0.006834228317025737
electronic_42_Lebanese_Blonde_Thievery_Corporation.wav,electronic,90.0,0.3192437887191772,True,0.4115889930944,116,83.04,466,5843,0.8547183240870466,0.7952704839831548,0.1490097093954451,0.8052774451271866,0.151075283614143,0.999999994185378,False,42,electronic_42_Lebanese_Blonde_Thievery_Corporation,Lebanese Blonde,Thievery Corporation,66.0,288826.0,https://open.spotify.com/track/6k5VMHrwv7mgPpkQSRQtQr,6k5VMHrwv7mgPpkQSRQtQr,MuQ,-0.010006961144031767
electronic_43_QKThr_Aphex_Twin.wav,electronic,87.46666666666667,0.3591632843017578,True,0.1753639431468616,85,76.48,171,3133,0.8708579776943077,0.6964987238013315,0.1698903347034561,,,,False,43,electronic_43_QKThr_Aphex_Twin,QKThr,Aphex Twin,64.0,87466.0,https://open.spotify.com/track/4LIM4qmpHABufePRrLWbiM,4LIM4qmpHABufePRrLWbiM,MuQ,
electronic_44_You_Wish_Nightmares_On_Wax.wav,electronic,90.0,0.2959455251693725,True,0.3496301043615011,3,18.56,1,2,0.9694856157880468,0.9774059805883336,0.0185184752079161,0.7686704086805471,0.1478204979622197,,False,44,electronic_44_You_Wish_Nightmares_On_Wax,You Wish,Nightmares On Wax,68.0,209316.0,https://open.spotify.com/track/6G6M4fl2I0eqEQnzyTwR8m,6G6M4fl2I0eqEQnzyTwR8m,MuQ,0.20873557190778647
electronic_45_Never_Catch_Me_Flying_Lotus.wav,electronic,90.0,0.3475909233093261,True,0.533092171407958,20,70.72,16,155,0.9777302733954942,0.9426367012051616,0.0298453010867669,0.840210678214584,0.1230024628468757,1.2730897710174156e-36,True,45,electronic_45_Never_Catch_Me_Flying_Lotus,Never Catch Me,"Flying Lotus, Kendrick Lamar",62.0,234486.0,https://open.spotify.com/track/1KOqY0QTSadQFRgbNw1sLh,1KOqY0QTSadQFRgbNw1sLh,MuQ,0.10242602299057768
electronic_46_Bfg_Division_Mick_Gordon.wav,electronic,90.0,0.3308808803558349,True,0.598873220638609,90,88.32000000000001,404,3027,0.9533677644070906,0.9156624453430996,0.0466330156547608,0.8705857751373784,0.0798375989483842,2.53694643089422e-203,True,46,electronic_46_Bfg_Division_Mick_Gordon,Bfg Division,Mick Gordon,61.0,506762.0,https://open.spotify.com/track/4COR2ZPEyUn0lsbAouRWxA,4COR2ZPEyUn0lsbAouRWxA,MuQ,0.04507667020572115
electronic_47_Red_Sex__Re-Strung___feat__Rakhi_Singh__Vessel.wav,electronic,90.0,0.3516546487808227,True,0.5823694096212528,170,85.11999999999999,1037,12002,0.947021969186086,0.9172857820178656,0.0742304359054671,0.8699539739450888,0.107927745103017,0.0,True,47,electronic_47_Red_Sex__Re-Strung___feat__Rakhi_Singh__Vessel,Red Sex (Re-Strung) [feat. Rakhi Singh],"Vessel, Rakhi Singh",62.0,364435.0,https://open.spotify.com/track/1Tp4xz7ybZ3dtQc6yBs3m4,1Tp4xz7ybZ3dtQc6yBs3m4,MuQ,0.047331808072776815
electronic_48_Feel_Your_Weight_-_Poolside_Remix_Rhye.wav,electronic,90.0,0.3200957775115967,True,0.4053803116428201,12,53.6,4,57,0.947546497267248,0.9319292084440216,0.0572942485186612,0.8180730349732885,0.1225369657902965,9.176793695660238e-15,True,48,electronic_48_Feel_Your_Weight_-_Poolside_Remix_Rhye,Feel Your Weight - Poolside Remix,"Rhye, Poolside",66.0,310133.0,https://open.spotify.com/track/1hgX0ZmmP7IRRjUFCIBrnQ,1hgX0ZmmP7IRRjUFCIBrnQ,MuQ,0.11385617347073307
electronic_49_Head_Like_A_Hole_Nine_Inch_Nails.wav,electronic,90.0,0.3315999507904053,True,0.9867857450889908,4,55.67999999999999,0,6,,0.9727133708362744,0.0100887335973469,0.958886023053756,0.023876172766043,0.0718708458042753,False,49,electronic_49_Head_Like_A_Hole_Nine_Inch_Nails,Head Like A Hole,Nine Inch Nails,64.0,299680.0,https://open.spotify.com/track/3ckd4YA4LcD3j50rfIVwUe,3ckd4YA4LcD3j50rfIVwUe,MuQ,0.013827347782518373
electronic_50_Hearing_Damage_Thom_Yorke.wav,electronic,90.0,0.3777633905410766,True,0.4792025539828546,30,80.96,17,384,0.9614747343230132,0.8819537039921278,0.0835763866116329,0.8401610975045766,0.1120002901354899,4.1278263314611414e-13,True,50,electronic_50_Hearing_Damage_Thom_Yorke,Hearing Damage,Thom Yorke,67.0,303360.0,https://open.spotify.com/track/1fTtPH0xGwFOXM5VlkxOX1,1fTtPH0xGwFOXM5VlkxOX1,MuQ,0.04179260648755123
hip-hop_01_Not_Like_Us_Kendrick_Lamar.wav,hip-hop,90.0,0.3789317607879638,True,0.4501976491119168,10,53.28,0,36,,0.892576837915109,0.0661730422397728,0.8065592881118534,0.1507151359497919,0.0003820622797835,True,1,hip-hop_01_Not_Like_Us_Kendrick_Lamar,Not Like Us,Kendrick Lamar,88.0,274192.0,https://open.spotify.com/track/6AI3ezQ4o3HUoP6Dhudph3,6AI3ezQ4o3HUoP6Dhudph3,MuQ,0.0860175498032556
hip-hop_02_All_The_Stars__with_SZA__Kendrick_Lamar.wav,hip-hop,90.0,0.3882901668548584,True,0.5544637095581083,52,86.24000000000001,116,1091,0.9143884224085436,0.8389895781323786,0.1106462801942989,0.8655082720467178,0.0918994429145377,0.999999999964573,False,2,hip-hop_02_All_The_Stars__with_SZA__Kendrick_Lamar,"All The Stars (with SZA) - From ""Black Panther: The Album""","Kendrick Lamar, SZA",90.0,232186.0,https://open.spotify.com/track/3GCdLUSnKSMJhs4Tj6CV3s,3GCdLUSnKSMJhs4Tj6CV3s,MuQ,-0.026518693914339142
hip-hop_03_See_You_Again__feat__Kali_Uchis__Tyler__The_Creator.wav,hip-hop,90.0,0.2887241840362549,True,0.1763883756258573,2,6.880000000000003,0,1,,0.6458596136223249,0.0,0.7461411465628858,0.1229620948190316,,False,3,hip-hop_03_See_You_Again__feat__Kali_Uchis__Tyler__The_Creator,See You Again (feat. Kali Uchis),"Tyler, The Creator, Kali Uchis",89.0,180386.0,https://open.spotify.com/track/7KA4W4McWYRpgf0fWsJZWB,7KA4W4McWYRpgf0fWsJZWB,MuQ,-0.10028153294056086
hip-hop_04_Pink___White_Frank_Ocean.wav,hip-hop,90.0,0.2818725109100342,True,0.449391061941387,4,32.64,1,3,0.8776608459996038,0.6882710808861292,0.0334552553523879,0.8294204497839295,0.1074902068044251,0.9861395331426528,False,4,hip-hop_04_Pink___White_Frank_Ocean,Pink + White,Frank Ocean,87.0,184516.0,https://open.spotify.com/track/3xKsf9qdS1CyvXSMEid6g8,3xKsf9qdS1CyvXSMEid6g8,MuQ,-0.14114936889780028
hip-hop_05_Feel_Good_Inc__Gorillaz.wav,hip-hop,90.0,0.3195183277130127,True,0.7603772551483517,4,13.919999999999996,1,4,0.9294491934849672,0.8789720515751136,0.0803644859440512,0.90596390938004,0.0693098995432155,0.7409560849096231,False,5,hip-hop_05_Feel_Good_Inc__Gorillaz,Feel Good Inc.,"Gorillaz, De La Soul",91.0,222640.0,https://open.spotify.com/track/0d28khcov6AiegSCpG5TuT,0d28khcov6AiegSCpG5TuT,MuQ,-0.02699185780492641
hip-hop_06_Give_Me_Everything__feat__Nayer__Pitbull.wav,hip-hop,90.0,0.3418033123016357,True,0.7273555310588313,23,85.11999999999999,16,222,0.9755238873169896,0.8828572325568917,0.1051626870010387,0.9094543223966708,0.0744882493839301,0.9812087947051936,False,6,hip-hop_06_Give_Me_Everything__feat__Nayer__Pitbull,Give Me Everything (feat. Nayer),"Pitbull, AFROJACK, Ne-Yo, Nayer",88.0,252306.0,https://open.spotify.com/track/4QNpBfC0zvjKqPJcyqBy9W,4QNpBfC0zvjKqPJcyqBy9W,MuQ,-0.026597089839779042
hip-hop_07_HUMBLE__Kendrick_Lamar.wav,hip-hop,90.0,0.4732412099838257,True,0.6109197750470435,14,79.2,13,75,0.8148698801202929,0.8262332391433311,0.1223416497470976,0.8818966636293174,0.1007039940153182,0.9999742955334798,False,7,hip-hop_07_HUMBLE__Kendrick_Lamar,HUMBLE.,Kendrick Lamar,85.0,177000.0,https://open.spotify.com/track/7KXjTSCq5nL1LoYtL7XAwS,7KXjTSCq5nL1LoYtL7XAwS,MuQ,-0.05566342448598627
hip-hop_08_NIGHTS_LIKE_THIS_The_Kid_LAROI.wav,hip-hop,90.0,0.3791234493255615,True,0.2885227530988321,128,79.67999999999999,595,6761,0.9261361597851238,0.7716639770832555,0.1838027968068559,0.6915514069298074,0.2104891351577206,2.692135806319418e-204,True,8,hip-hop_08_NIGHTS_LIKE_THIS_The_Kid_LAROI,NIGHTS LIKE THIS,The Kid LAROI,87.0,86983.0,https://open.spotify.com/track/1XBYiRV30ykHw5f4wm6qEn,1XBYiRV30ykHw5f4wm6qEn,MuQ,0.08011257015344808
hip-hop_09_One_Dance_Drake.wav,hip-hop,90.0,0.3730900287628174,True,0.5929202648416257,155,88.0,788,10007,0.9923651588430088,0.9778881796048337,0.0550640724173208,0.8359280588593643,0.1848872264570386,0.0,True,9,hip-hop_09_One_Dance_Drake,One Dance,"Drake, Wizkid, Kyla",91.0,173986.0,https://open.spotify.com/track/1zi7xx7UVEFkmKfv06H8x0,1zi7xx7UVEFkmKfv06H8x0,MuQ,0.14196012074546938
hip-hop_10_Without_Me_Eminem.wav,hip-hop,90.0,0.3775091171264648,True,0.7672192699542502,254,88.8,1426,28549,0.9330189982919276,0.9240663801397,0.0836076980724833,0.9267519120738196,0.080452757541311,0.999999913091448,False,10,hip-hop_10_Without_Me_Eminem,Without Me,Eminem,89.0,290320.0,https://open.spotify.com/track/7lQ8MOhq6IN2w8EYcFNSUk,7lQ8MOhq6IN2w8EYcFNSUk,MuQ,-0.0026855319341195782
hip-hop_11_No_Role_Modelz_J__Cole.wav,hip-hop,90.0,0.4053235054016113,True,0.2943292741659799,209,88.96000000000001,1450,18239,0.8861908919422823,0.7923186283321104,0.1479541450951979,0.7424156406915964,0.1686759303444348,0.0,True,11,hip-hop_11_No_Role_Modelz_J__Cole,No Role Modelz,J. Cole,87.0,292799.0,https://open.spotify.com/track/68Dni7IE4VyPkTOH9mRWHr,68Dni7IE4VyPkTOH9mRWHr,MuQ,0.04990298764051404
hip-hop_12_I_Smoked_Away_My_Brain__I_m_God_x_Demons_Mashup___feat__Imogen_Heap___Clams_Casino__A_AP_Rocky.wav,hip-hop,90.0,0.325862169265747,True,0.3360649349259422,213,88.64,1185,19712,0.8397903520797108,0.755212761073169,0.1810386205526133,0.7388789231055451,0.1876139607752839,1.9473810670168995e-38,True,12,hip-hop_12_I_Smoked_Away_My_Brain__I_m_God_x_Demons_Mashup___feat__Imogen_Heap___Clams_Casino__A_AP_Rocky,I Smoked Away My Brain (I'm God x Demons Mashup) (feat. Imogen Heap & Clams Casino),"A$AP Rocky, Imogen Heap, Clams Casino",87.0,190285.0,https://open.spotify.com/track/3ZaEs1O8BG581qYPHpQ8d6,3ZaEs1O8BG581qYPHpQ8d6,MuQ,0.016333837967623888
hip-hop_13_Love_Me_Lil_Wayne.wav,hip-hop,90.0,0.3788187503814697,True,0.2086381381258495,3,23.04,0,3,,0.9393601889223292,0.0398824770432037,0.688985929849473,0.1855811043007633,0.0064942574643607,True,13,hip-hop_13_Love_Me_Lil_Wayne,Love Me,"Lil Wayne, Drake, Future",87.0,255053.0,https://open.spotify.com/track/2XHzzp1j4IfTNp1FTn7YFg,2XHzzp1j4IfTNp1FTn7YFg,MuQ,0.25037425907285615
hip-hop_14_Yeah___feat__Lil_Jon___Ludacris__USHER.wav,hip-hop,90.0,0.3116765022277832,True,0.7339711575205817,6,57.120000000000005,0,14,,0.9781796145907192,0.0092418287427753,0.9148876279376716,0.0801775939039923,2.3010487174628135e-05,True,14,hip-hop_14_Yeah___feat__Lil_Jon___Ludacris__USHER,Yeah! (feat. Lil Jon & Ludacris),"USHER, Lil Jon, Ludacris",87.0,250373.0,https://open.spotify.com/track/5rb9QrpfcKFHM1EUbSIurX,5rb9QrpfcKFHM1EUbSIurX,MuQ,0.06329198665304758
hip-hop_15_Unforgettable_French_Montana.wav,hip-hop,90.0,0.3425848484039306,True,0.5949755134186717,5,14.559999999999995,4,6,0.9997510580858016,0.9949854692054304,0.0004729396246397,0.8581618138793646,0.1142876027439737,2.393525786129888e-05,True,15,hip-hop_15_Unforgettable_French_Montana,Unforgettable,"French Montana, Swae Lee",87.0,233901.0,https://open.spotify.com/track/3B54sVLJ402zGa6Xm4YGNe,3B54sVLJ402zGa6Xm4YGNe,MuQ,0.13682365532606577
hip-hop_16_Gangsta_s_Paradise_Coolio.wav,hip-hop,90.0,0.3567235469818115,True,0.3209748549030767,2,6.079999999999998,0,1,,0.9554222043292676,0.0,0.8039610332598927,0.1265752387008767,,False,16,hip-hop_16_Gangsta_s_Paradise_Coolio,Gangsta's Paradise,"Coolio, L.V.",88.0,240693.0,https://open.spotify.com/track/1DIXPcTDzTj8ZMHt3PDt8p,1DIXPcTDzTj8ZMHt3PDt8p,MuQ,0.15146117106937496
hip-hop_17_Like_That_Future.wav,hip-hop,90.0,0.311847448348999,True,0.3275329399447627,118,89.12,344,6135,0.8935811491056795,0.7798728501772109,0.1414254209700375,0.7771267528115247,0.1501090655725516,0.441396379712472,False,17,hip-hop_17_Like_That_Future,Like That,"Future, Metro Boomin, Kendrick Lamar",84.0,267706.0,https://open.spotify.com/track/2tudvzsrR56uom6smgOcSf,2tudvzsrR56uom6smgOcSf,MuQ,0.0027460973656862064
hip-hop_18_The_Spins_Mac_Miller.wav,hip-hop,90.0,0.3836345672607422,True,0.7679101447286331,16,53.92,16,98,0.9575538396639248,0.9228091848972786,0.0491772522374273,0.9100345677160738,0.0605954002653539,0.0373511362336649,True,18,hip-hop_18_The_Spins_Mac_Miller,The Spins,"Mac Miller, Empire Of The Sun",84.0,195873.0,https://open.spotify.com/track/2QGVKiAGTa1YcDqPMhAzF7,2QGVKiAGTa1YcDqPMhAzF7,MuQ,0.012774617181204762
hip-hop_19_LOVE__FEAT__ZACARI__Kendrick_Lamar.wav,hip-hop,90.0,0.3360297679901123,True,0.6057779392239211,159,88.32,560,11198,0.9202135110739456,0.8866531652347904,0.0838657393900301,0.8887191110673539,0.0843008811972589,0.999713560046712,False,19,hip-hop_19_LOVE__FEAT__ZACARI__Kendrick_Lamar,LOVE. FEAT. ZACARI.,"Kendrick Lamar, Zacari",84.0,213400.0,https://open.spotify.com/track/6PGoSes0D9eUDeeAafB2As,6PGoSes0D9eUDeeAafB2As,MuQ,-0.002065945832563476
hip-hop_20_Thinkin_Bout_You_Frank_Ocean.wav,hip-hop,90.0,0.3866503238677978,True,0.8268686953899501,149,88.16,513,9809,0.9556863857527804,0.9308789897765518,0.0457067578341668,0.9318860080833474,0.0473229195324094,0.9999798142873296,False,20,hip-hop_20_Thinkin_Bout_You_Frank_Ocean,Thinkin Bout You,Frank Ocean,85.0,200746.0,https://open.spotify.com/track/7DfFc7a6Rwfi3YQMRbDMau,7DfFc7a6Rwfi3YQMRbDMau,MuQ,-0.001007018306795615
hip-hop_21_Passionfruit_Drake.wav,hip-hop,90.0,0.4870710372924804,True,0.4958616135143013,58,89.28,76,1433,0.958403656352853,0.8612363370186984,0.0816809004497904,0.8637777553591305,0.0760624056785912,0.9939072950861244,False,21,hip-hop_21_Passionfruit_Drake,Passionfruit,Drake,88.0,298940.0,https://open.spotify.com/track/5mCPDVBb16L4XQwDdbRUpz,5mCPDVBb16L4XQwDdbRUpz,MuQ,-0.002541418340432089
hip-hop_22_The_Color_Violet_Tory_Lanez.wav,hip-hop,90.0,0.3094809055328369,True,0.6703355092887843,174,88.8,811,13086,0.9700052203696542,0.9281558209933304,0.0528827566039639,0.880470354391536,0.092221131867659,0.0,True,22,hip-hop_22_The_Color_Violet_Tory_Lanez,The Color Violet,Tory Lanez,87.0,226466.0,https://open.spotify.com/track/3azJifCSqg9fRij2yKIbWz,3azJifCSqg9fRij2yKIbWz,MuQ,0.0476854666017944
hip-hop_23_Flashing_Lights_Kanye_West.wav,hip-hop,90.0,0.3131468296051025,True,0.7016579357739542,21,74.24000000000001,7,187,0.9909999108224936,0.8815802181382191,0.0726828465282168,0.9040186227070276,0.0677497390458246,0.9999856868028032,False,23,hip-hop_23_Flashing_Lights_Kanye_West,Flashing Lights,"Kanye West, Dwele",88.0,237506.0,https://open.spotify.com/track/5TRPicyLGbAF2LGBFbHGvO,5TRPicyLGbAF2LGBFbHGvO,MuQ,-0.022438404568808523
hip-hop_24_Time_of_Our_Lives_Pitbull.wav,hip-hop,90.0,0.3700122833251953,True,0.5995454605548529,95,88.8,274,3825,0.9398828452216156,0.9069908197977492,0.065562580962446,0.8783890689227917,0.0850142653048221,3.541946441030899e-80,True,24,hip-hop_24_Time_of_Our_Lives_Pitbull,Time of Our Lives,"Pitbull, Ne-Yo",86.0,229358.0,https://open.spotify.com/track/2bJvI42r8EF3wxjOuDav4r,2bJvI42r8EF3wxjOuDav4r,MuQ,0.028601750874957532
hip-hop_25_DJ_Got_Us_Fallin__In_Love__feat__Pitbull__USHER.wav,hip-hop,90.0,0.3800375461578369,True,0.970836950657288,204,88.8,1085,18341,0.973206855471588,0.9573484532365566,0.0326753068138959,0.95319620143688,0.0350268291765725,3.2484663630161384e-53,True,25,hip-hop_25_DJ_Got_Us_Fallin__In_Love__feat__Pitbull__USHER,DJ Got Us Fallin' In Love (feat. Pitbull),"USHER, Pitbull",85.0,220800.0,https://open.spotify.com/track/4356Typ82hUiFAynbLYbPn,4356Typ82hUiFAynbLYbPn,MuQ,0.004152251799676598
hip-hop_26_Timber_Pitbull.wav,hip-hop,90.0,0.4097111225128174,True,0.6827730179845267,201,89.11999999999999,993,17768,0.9345099108613992,0.8877134063933283,0.0756145588759852,0.889184204888305,0.0734289849153245,0.6309871102058255,False,26,hip-hop_26_Timber_Pitbull,Timber,"Pitbull, Kesha",85.0,204134.0,https://open.spotify.com/track/3cHyrEgdyYRjgJKSOiOtcS,3cHyrEgdyYRjgJKSOiOtcS,MuQ,-0.0014707984949766661
hip-hop_27_The_Real_Slim_Shady_Eminem.wav,hip-hop,90.0,0.3462622165679931,True,0.8977240920385716,109,87.68,282,5187,0.9627185914040156,0.9531765735122462,0.0315072112328632,0.9420740538753424,0.0407450822239824,1.99849925766496e-71,True,27,hip-hop_27_The_Real_Slim_Shady_Eminem,The Real Slim Shady,Eminem,86.0,284200.0,https://open.spotify.com/track/3yfqSUWxFvZELEM4PmlwIR,3yfqSUWxFvZELEM4PmlwIR,MuQ,0.011102519636903785
hip-hop_28_Don_t_Bryson_Tiller.wav,hip-hop,90.0,0.3466255664825439,True,0.3472230598814798,230,88.32,1175,23458,0.8863316981371502,0.8142058205540279,0.1183883994809954,0.8036937105092004,0.1274684262595262,1.0015657228397593e-21,True,28,hip-hop_28_Don_t_Bryson_Tiller,Don't,Bryson Tiller,84.0,198294.0,https://open.spotify.com/track/3pXF1nA74528Edde4of9CC,3pXF1nA74528Edde4of9CC,MuQ,0.01051211004482755
hip-hop_29_Ivy_Frank_Ocean.wav,hip-hop,90.0,0.2483977079391479,True,0.1745850753672987,6,82.4,0,15,,0.7570753345233697,0.1674939444035491,0.7178761563765886,0.1505338883752065,0.1773908715945613,False,29,hip-hop_29_Ivy_Frank_Ocean,Ivy,Frank Ocean,84.0,249191.0,https://open.spotify.com/track/2ZWlPOoWh0626oTaHrnl2a,2ZWlPOoWh0626oTaHrnl2a,MuQ,0.03919917814678109
hip-hop_30_The_Thrill_Wiz_Khalifa.wav,hip-hop,90.0,0.4193329811096191,True,0.9641416224036324,259,89.28,1528,29638,0.9610495609521096,0.9500469190975028,0.0334156239521746,0.9456630914618228,0.0337059155745534,3.210748016439244e-118,True,30,hip-hop_30_The_Thrill_Wiz_Khalifa,The Thrill,"Wiz Khalifa, Empire Of The Sun",80.0,234333.0,https://open.spotify.com/track/0ABFicfUWyGXe285n5JFdh,0ABFicfUWyGXe285n5JFdh,MuQ,0.004383827635680015
hip-hop_31_Sundress_A_AP_Rocky.wav,hip-hop,90.0,0.3629564046859741,True,0.7897951487672349,24,80.64,20,226,0.9725001348459884,0.9378036929113128,0.0599268765791126,0.9130131667209176,0.0749201001550985,3.221554336558138e-09,True,31,hip-hop_31_Sundress_A_AP_Rocky,Sundress,A$AP Rocky,80.0,158205.0,https://open.spotify.com/track/2aPTvyE09vUCRwVvj0I8WK,2aPTvyE09vUCRwVvj0I8WK,MuQ,0.024790526190395235
hip-hop_32_Heartless_Kanye_West.wav,hip-hop,90.0,0.3875050544738769,True,0.3619342730925869,142,75.04,497,8689,0.92723996167887,0.8204221505957293,0.1193752962643013,0.8089594232719511,0.1271685619009434,3.0541820533405084e-14,True,32,hip-hop_32_Heartless_Kanye_West,Heartless,Kanye West,86.0,211000.0,https://open.spotify.com/track/4EWCNWgDS8707fNSZ1oaA5,4EWCNWgDS8707fNSZ1oaA5,MuQ,0.011462727323778177
hip-hop_33_Lost_Frank_Ocean.wav,hip-hop,90.0,0.3232045173645019,True,0.993207090563522,219,88.80000000000001,1042,21300,0.978528099490274,0.9636810889636052,0.0210686599272413,0.9639828680589404,0.0226331386841815,0.9999999998330616,False,33,hip-hop_33_Lost_Frank_Ocean,Lost,Frank Ocean,84.0,234093.0,https://open.spotify.com/track/3GZD6HmiNUhxXYf8Gch723,3GZD6HmiNUhxXYf8Gch723,MuQ,-0.0003017790953352417
hip-hop_34_PRIDE__Kendrick_Lamar.wav,hip-hop,90.0,0.2999415397644043,True,0.5310011640490777,207,89.28,1084,18639,0.912304689485845,0.8671179138508793,0.0976919562637517,0.8519146628001991,0.1121007172382233,2.858176634870382e-44,True,34,hip-hop_34_PRIDE__Kendrick_Lamar,PRIDE.,Kendrick Lamar,82.0,275253.0,https://open.spotify.com/track/6IZvVAP7VPPnsGX6bvgkqg,6IZvVAP7VPPnsGX6bvgkqg,MuQ,0.015203251050680211
hip-hop_35_Hey_Ya__Outkast.wav,hip-hop,90.0,0.323923110961914,True,0.8773554366254287,135,88.0,453,7986,0.95751987160799,0.9288391674076985,0.0430241446128485,0.9270231419429272,0.0454448857985298,0.0011642124507734,True,35,hip-hop_35_Hey_Ya__Outkast,Hey Ya!,Outkast,84.0,235213.0,https://open.spotify.com/track/2PpruBYCo4H7WOBJ7Q2EwM,2PpruBYCo4H7WOBJ7Q2EwM,MuQ,0.0018160254647712204
hip-hop_36_Falling_Down_-_Bonus_Track_Lil_Peep.wav,hip-hop,90.0,0.3978400230407715,True,0.4453709690315099,4,6.879999999999999,3,3,0.8591581875889208,0.7979703729927935,0.0252504303933877,0.8392277628155642,0.0943447285969157,0.8558280514829136,False,36,hip-hop_36_Falling_Down_-_Bonus_Track_Lil_Peep,Falling Down - Bonus Track,"Lil Peep, XXXTENTACION",85.0,196400.0,https://open.spotify.com/track/4jvjzW7Hm0yK4LvvE0Paz9,4jvjzW7Hm0yK4LvvE0Paz9,MuQ,-0.04125738982277072
hip-hop_37_Low__feat__T-Pain__Flo_Rida.wav,hip-hop,90.0,0.3637354373931885,True,0.7895340089308817,236,87.52000000000001,1516,24075,0.9677685410902088,0.9412664581582164,0.0758968636658117,0.926898710705474,0.0994011658069367,0.0019822759599907,True,37,hip-hop_37_Low__feat__T-Pain__Flo_Rida,Low (feat. T-Pain),"Flo Rida, T-Pain",86.0,231400.0,https://open.spotify.com/track/0CAfXk7DXMnon4gLudAp7J,0CAfXk7DXMnon4gLudAp7J,MuQ,0.014367747452742385
hip-hop_38_Till_I_Collapse_Eminem.wav,hip-hop,90.0,0.3758344650268554,True,0.9597128217267336,141,88.8,421,8837,0.9731398749494908,0.9626096199822248,0.0255895670872331,0.9612172897733032,0.0261615868212916,1.460047279120139e-07,True,38,hip-hop_38_Till_I_Collapse_Eminem,Till I Collapse,"Eminem, Nate Dogg",85.0,297786.0,https://open.spotify.com/track/4xkOaSrkexMciUUogZKVTS,4xkOaSrkexMciUUogZKVTS,MuQ,0.0013923302089215994
hip-hop_39_WAIT_FOR_U__feat__Drake___Tems__Future.wav,hip-hop,90.0,0.2714295387268066,True,0.4835046879888895,136,88.8,454,8075,0.8855405092000681,0.8097539143172235,0.1391985155347289,0.8337538749833591,0.1313834237951142,1.0,False,39,hip-hop_39_WAIT_FOR_U__feat__Drake___Tems__Future,WAIT FOR U (feat. Drake & Tems),"Future, Drake, Tems",85.0,189893.0,https://open.spotify.com/track/59nOXPmaKlBfGMDeOVGrIK,59nOXPmaKlBfGMDeOVGrIK,MuQ,-0.023999960666135522
hip-hop_40_Type_Shit_Future.wav,hip-hop,90.0,0.3110356330871582,True,0.18849536741204,15,46.4,5,84,0.908079464333909,0.7123370575187729,0.1958403696702007,0.687947137153383,0.1598781792823491,0.2377019752478621,False,40,hip-hop_40_Type_Shit_Future,Type Shit,"Future, Metro Boomin, Travis Scott, Playboi Carti",82.0,228266.0,https://open.spotify.com/track/28drn6tQo95MRvO0jQEo5C,28drn6tQo95MRvO0jQEo5C,MuQ,0.024389920365389894
hip-hop_41_Ms__Jackson_Outkast.wav,hip-hop,90.0,0.3637115955352783,True,0.8171132212429828,195,79.52,1150,16129,0.95376837911896,0.9135675365884618,0.0858849688829961,0.9173919260913336,0.0762627410700128,0.1286843541121897,False,41,hip-hop_41_Ms__Jackson_Outkast,Ms. Jackson,Outkast,84.0,270506.0,https://open.spotify.com/track/0I3q5fE6wg7LIfHGngUTnV,0I3q5fE6wg7LIfHGngUTnV,MuQ,-0.0038243895028717834
hip-hop_42_I_Wonder_Kanye_West.wav,hip-hop,90.0,0.3891561031341553,True,0.6585699886868783,22,71.52000000000001,22,205,0.9820901698664928,0.9789626862743572,0.0148789440349839,0.8907372029690431,0.1199059113844729,2.883305398690851e-37,True,42,hip-hop_42_I_Wonder_Kanye_West,I Wonder,Kanye West,83.0,243440.0,https://open.spotify.com/track/7rbECVPkY5UODxoOUVKZnA,7rbECVPkY5UODxoOUVKZnA,MuQ,0.0882254833053141
hip-hop_43_Low_Life__feat__The_Weeknd__Future.wav,hip-hop,90.0,0.3058178424835205,True,0.1507839546316751,151,88.96,528,9965,0.8112911147103665,0.5590697093711098,0.2641096125292153,0.5123008632206193,0.269892239911822,3.381240458708122e-64,True,43,hip-hop_43_Low_Life__feat__The_Weeknd__Future,Low Life (feat. The Weeknd),"Future, The Weeknd",83.0,313546.0,https://open.spotify.com/track/7EiZI6JVHllARrX9PUvAdX,7EiZI6JVHllARrX9PUvAdX,MuQ,0.046768846150490484
hip-hop_44_Fuck_Love_XXXTENTACION.wav,hip-hop,90.0,0.3355357646942138,True,0.3030209245533772,13,86.08,2,71,0.8035010784426426,0.746180329039573,0.2059044467082446,0.6588296986606744,0.2393712876159213,0.0020462493082719,True,44,hip-hop_44_Fuck_Love_XXXTENTACION,Fuck Love,"XXXTENTACION, Trippie Redd",83.0,146520.0,https://open.spotify.com/track/7AQim7LbvFVZJE3O8TYgf2,7AQim7LbvFVZJE3O8TYgf2,MuQ,0.08735063037889856
hip-hop_45_nuts_Lil_Peep.wav,hip-hop,85.35658333333333,0.3149378299713135,True,0.2608890608883849,2,0.1599999999999966,1,0,0.989437351298751,,,0.6946623460661642,0.2110335367552555,,False,45,hip-hop_45_nuts_Lil_Peep,nuts,"Lil Peep, rainy bear",87.0,85360.0,https://open.spotify.com/track/4k3xDpAdBuM17mNNHhOZkK,4k3xDpAdBuM17mNNHhOZkK,MuQ,
hip-hop_46_Money_Trees_Kendrick_Lamar.wav,hip-hop,90.0,0.3294394016265869,True,0.1896230281518564,42,85.60000000000001,33,761,0.8043587543586699,0.650914837514467,0.1926578127002643,0.6387397255439657,0.2115754226895102,0.0754024244166023,False,46,hip-hop_46_Money_Trees_Kendrick_Lamar,Money Trees,"Kendrick Lamar, Jay Rock",80.0,386906.0,https://open.spotify.com/track/2HbKqm4o0w5wEeEFXm2sD4,2HbKqm4o0w5wEeEFXm2sD4,MuQ,0.012175111970501251
hip-hop_47_Headlines_Drake.wav,hip-hop,90.0,0.3208250999450683,True,0.3359323504285073,9,78.56,2,31,0.9061811503489124,0.8036907314126608,0.1001507945870828,0.7838750088182451,0.1297047255250677,0.3679938104737773,False,47,hip-hop_47_Headlines_Drake,Headlines,Drake,88.0,235986.0,https://open.spotify.com/track/6LxSe8YmdPxy095Ux6znaQ,6LxSe8YmdPxy095Ux6znaQ,MuQ,0.019815722594415663
hip-hop_48_Novacane_Frank_Ocean.wav,hip-hop,90.0,0.351184606552124,True,0.9501555318142986,48,87.2,84,938,0.9697898556518724,0.9563654688696044,0.0230361310979357,0.9506006597010236,0.0339525602666681,0.0059512408445419,True,48,hip-hop_48_Novacane_Frank_Ocean,Novacane,Frank Ocean,83.0,302346.0,https://open.spotify.com/track/4osgfFTICMkcGbbigdsa53,4osgfFTICMkcGbbigdsa53,MuQ,0.005764809168580798
hip-hop_49_EARFQUAKE_Tyler__The_Creator.wav,hip-hop,90.0,0.3982131481170654,True,0.2117438638748795,3,60.32,0,3,,0.9895131602856022,0.0070540074699883,0.6641126701836358,0.2335380880443174,0.0018514931519313,True,49,hip-hop_49_EARFQUAKE_Tyler__The_Creator,EARFQUAKE,"Tyler, The Creator",79.0,190072.0,https://open.spotify.com/track/5hVghJ4KaYES3BFUATCYn0,5hVghJ4KaYES3BFUATCYn0,MuQ,0.32540049010196637
hip-hop_50_Solo_Future.wav,hip-hop,90.0,0.396770715713501,True,0.19720716359202,2,8.64,0,1,,0.9376191858820104,0.0,0.5827831312307897,0.2462879163864067,,False,50,hip-hop_50_Solo_Future,Solo,Future,84.0,265996.0,https://open.spotify.com/track/4lH6nENd1y81jp7Yt9lTBX,4lH6nENd1y81jp7Yt9lTBX,MuQ,0.3548360546512207
reggae_01_Si_Antes_Te_Hubiera_Conocido_KAROL_G.wav,reggae,90.0,0.3745150566101074,True,0.7485004290424264,172,88.96000000000001,669,13014,0.9484097511476632,0.9055687675065468,0.0918701217292853,0.905972043303144,0.0910705139289728,0.0856400369047004,False,1,reggae_01_Si_Antes_Te_Hubiera_Conocido_KAROL_G,Si Antes Te Hubiera Conocido,KAROL G,84.0,195824.0,https://open.spotify.com/track/6WatFBLVB0x077xWeoVc2k,6WatFBLVB0x077xWeoVc2k,MuQ,-0.00040327579659715784
reggae_02_LA_CANCIÓN_J_Balvin.wav,reggae,90.0,0.3763573169708252,True,0.4598348926386644,119,86.24,345,6155,0.937959258074602,0.8645264088939478,0.0878951368948682,0.8500131816518677,0.088757794640098,4.303805557497207e-40,True,2,reggae_02_LA_CANCIÓN_J_Balvin,LA CANCIÓN,"J Balvin, Bad Bunny",89.0,242573.0,https://open.spotify.com/track/0fea68AdmYNygeTGI4RC18,0fea68AdmYNygeTGI4RC18,MuQ,0.014513227242080151
reggae_03_LUNA_Feid.wav,reggae,90.0,0.3818491697311401,True,0.6716762117851628,3,80.16,1,2,0.9520501438558804,0.6220714881634817,0.03411955274181,0.8925754387281957,0.1031889607442882,,False,3,reggae_03_LUNA_Feid,LUNA,"Feid, ATL Jacob",86.0,196800.0,https://open.spotify.com/track/7bywjHOc0wSjGGbj04XbVi,7bywjHOc0wSjGGbj04XbVi,MuQ,-0.270503950564714
reggae_04_Gata_Only_FloyyMenor.wav,reggae,90.0,0.3060016632080078,True,0.6390742756485843,33,82.88000000000001,71,386,0.92456878736826,0.8342249407615292,0.0864800986056912,0.8924999539472935,0.0828647464173107,1.0,False,4,reggae_04_Gata_Only_FloyyMenor,Gata Only (Remix),"FloyyMenor, Ozuna, Anitta",80.0,230513.0,https://open.spotify.com/track/0JGTfiC4Z41GEEpMYLbWwO,0JGTfiC4Z41GEEpMYLbWwO,MuQ,-0.058275013185764335
reggae_05_Moscow_Mule_Bad_Bunny.wav,reggae,90.0,0.3977556228637695,True,0.4214543877221467,146,87.36,585,9174,0.8784221337644623,0.7218155047058495,0.1777686793522742,0.7849718053570567,0.1662225477218602,1.0,False,5,reggae_05_Moscow_Mule_Bad_Bunny,Moscow Mule,Bad Bunny,85.0,245939.0,https://open.spotify.com/track/6Xom58OOXk2SoU711L2IXO,6Xom58OOXk2SoU711L2IXO,MuQ,-0.06315630065120714
reggae_06_Ojitos_Lindos_Bad_Bunny.wav,reggae,90.0,0.3689544200897217,True,0.3520576723677161,138,88.32000000000001,592,7980,0.9024757983728052,0.8193623058683805,0.1107551184626101,0.8045718922229035,0.1184665008942552,1.1029652942997592e-23,True,6,reggae_06_Ojitos_Lindos_Bad_Bunny,Ojitos Lindos,"Bad Bunny, Bomba Estéreo",85.0,258298.0,https://open.spotify.com/track/3k3NWokhRRkEPhCzPmV8TW,3k3NWokhRRkEPhCzPmV8TW,MuQ,0.014790413645477063
reggae_07_Could_You_Be_Loved_Bob_Marley___The_Wailers.wav,reggae,90.0,0.3092353343963623,True,0.8083368326155346,17,81.92,12,106,0.945989152671688,0.9189132553953184,0.0348863125035987,0.9091956351185948,0.0472530364699892,0.0522783115708484,False,7,reggae_07_Could_You_Be_Loved_Bob_Marley___The_Wailers,Could You Be Loved,Bob Marley & The Wailers,84.0,237000.0,https://open.spotify.com/track/5O4erNlJ74PIF6kGol1ZrC,5O4erNlJ74PIF6kGol1ZrC,MuQ,0.009717620276723626
reggae_08_Tití_Me_Preguntó_Bad_Bunny.wav,reggae,90.0,0.3613495826721191,True,0.536571601609397,126,85.76,509,6709,0.9179647255110164,0.8648822588631344,0.125147252925912,0.8311462883931754,0.1612721408396741,3.4283882394079713e-26,True,8,reggae_08_Tití_Me_Preguntó_Bad_Bunny,Tití Me Preguntó,Bad Bunny,86.0,243716.0,https://open.spotify.com/track/1IHWl5LamUGEuP4ozKQSXZ,1IHWl5LamUGEuP4ozKQSXZ,MuQ,0.03373597046995902
reggae_09_PERRO_NEGRO_Bad_Bunny.wav,reggae,90.0,0.3716139793395996,True,0.585019084990692,80,86.88,142,2850,0.9354453355082204,0.8558137695445428,0.1204367918869894,0.836718217545672,0.1440555357032795,0.0022919988538715,True,9,reggae_09_PERRO_NEGRO_Bad_Bunny,PERRO NEGRO,"Bad Bunny, Feid",83.0,162767.0,https://open.spotify.com/track/7iQXYTyuG13aoeHxGG28Nh,7iQXYTyuG13aoeHxGG28Nh,MuQ,0.019095551998870808
reggae_10_Azul_J_Balvin.wav,reggae,90.0,0.4047331809997558,True,0.8704250321545737,4,2.5600000000000023,4,0,0.9748899846264976,,,0.9304106153372352,0.0624014611357581,,False,10,reggae_10_Azul_J_Balvin,Azul,J Balvin,79.0,205933.0,https://open.spotify.com/track/2lCkncy6bIB0LTMT7kvrD1,2lCkncy6bIB0LTMT7kvrD1,MuQ,
reggae_11_Rude_MAGIC_.wav,reggae,90.0,0.2819647789001465,True,0.5618587263704018,5,70.88000000000001,1,7,0.9961903531955424,0.961879035748578,0.029132492037229,0.8611399674027903,0.1070526849875955,0.0003677532016012,True,11,reggae_11_Rude_MAGIC_,Rude,MAGIC!,85.0,224849.0,https://open.spotify.com/track/6RtPijgfPKROxEzTHNRiDp,6RtPijgfPKROxEzTHNRiDp,MuQ,0.10073906834578772
reggae_12_X__feat__Maluma___Ozuna__-_Remix_Nicky_Jam.wav,reggae,90.0,0.3608136177062988,True,0.7482703892733727,13,53.279999999999994,6,65,0.9814043971696051,0.9536394866362444,0.0224842818576595,0.9032778739917526,0.0792753699512492,3.034022436390507e-09,True,12,reggae_12_X__feat__Maluma___Ozuna__-_Remix_Nicky_Jam,X (feat. Maluma & Ozuna) - Remix,"Nicky Jam, J Balvin, Maluma, Ozuna",82.0,236000.0,https://open.spotify.com/track/6JjPBQfI2Y8nIjnm65X6Pw,6JjPBQfI2Y8nIjnm65X6Pw,MuQ,0.05036161264449179
reggae_13_Me_Porto_Bonito_Bad_Bunny.wav,reggae,90.0,0.3910472393035888,True,0.8609346010912724,17,83.84,11,124,0.9690475372376514,0.9376723373662192,0.0387820871352957,0.9203717550663896,0.0548385643670242,0.0003756037973916,True,13,reggae_13_Me_Porto_Bonito_Bad_Bunny,Me Porto Bonito,"Bad Bunny, Chencho Corleone",84.0,178567.0,https://open.spotify.com/track/6Sq7ltF9Qa7SNFBsV5Cogx,6Sq7ltF9Qa7SNFBsV5Cogx,MuQ,0.01730058229982967
reggae_14_Dile_Don_Omar.wav,reggae,90.0,0.4126601219177246,True,0.7993073624687661,58,75.36,199,1165,0.9681929141732514,0.9385082112270472,0.0517416063113255,0.924701334218584,0.0688701308609759,2.627919279558425e-07,True,14,reggae_14_Dile_Don_Omar,Dile,Don Omar,84.0,204600.0,https://open.spotify.com/track/69Ej1xrGjOcHvIMtMKxK0G,69Ej1xrGjOcHvIMtMKxK0G,MuQ,0.01380687700846317
reggae_15_PROVENZA_KAROL_G.wav,reggae,90.0,0.2955224514007568,True,0.5205284996861663,10,52.0,6,38,0.9688950870584851,0.9246752142787024,0.0515857758760179,0.8323333696994761,0.1293833395168591,6.446772963110466e-07,True,15,reggae_15_PROVENZA_KAROL_G,PROVENZA,KAROL G,82.0,207626.0,https://open.spotify.com/track/3HqcNJdZ2seoGxhn0wVNDK,3HqcNJdZ2seoGxhn0wVNDK,MuQ,0.09234184457922623
reggae_16_No_Me_Conoce_-_Remix_JHAYCO.wav,reggae,90.0,0.3741862773895263,True,0.5556519335868765,276,88.64,1735,33666,0.9099969884150108,0.8635647818407169,0.1026087564676392,0.8607301750346529,0.108248191072585,0.2009366012940485,False,16,reggae_16_No_Me_Conoce_-_Remix_JHAYCO,No Me Conoce - Remix,"JHAYCO, J Balvin, Bad Bunny",85.0,309120.0,https://open.spotify.com/track/2beS6dD5rovBxSA1zYoSHR,2beS6dD5rovBxSA1zYoSHR,MuQ,0.002834606806064066
reggae_17_AMARGURA_KAROL_G.wav,reggae,90.0,0.2449369430541992,True,0.2566660853766098,2,48.48,0,1,,0.9806252397298902,0.0,0.7987159840907103,0.1138613831730612,,False,17,reggae_17_AMARGURA_KAROL_G,AMARGURA,KAROL G,82.0,170480.0,https://open.spotify.com/track/505v13epFXodT9fVAJ6h8k,505v13epFXodT9fVAJ6h8k,MuQ,0.18190925563917992
reggae_18_Borro_Cassette_Maluma.wav,reggae,90.0,0.374114990234375,True,0.4591911086544436,2,10.880000000000004,0,1,,0.919716653855918,0.0,0.8433978878309761,0.1153025293172555,,False,18,reggae_18_Borro_Cassette_Maluma,Borro Cassette,Maluma,85.0,207296.0,https://open.spotify.com/track/6DUdDIRgLqCGq1DwkNWQTN,6DUdDIRgLqCGq1DwkNWQTN,MuQ,0.07631876602494192
reggae_19_Me_Rehúso_Danny_Ocean.wav,reggae,90.0,0.4071340560913086,True,0.4643401214161736,3,45.76,0,3,,0.982129810639932,0.0022046106514107,0.823649046808177,0.1331325437983548,0.0070990635373815,True,19,reggae_19_Me_Rehúso_Danny_Ocean,Me Rehúso,Danny Ocean,76.0,205714.0,https://open.spotify.com/track/6De0lHrwBfPfrhorm9q1Xl,6De0lHrwBfPfrhorm9q1Xl,MuQ,0.15848076383175502
reggae_20_Santeria_Sublime.wav,reggae,90.0,0.2656831741333008,True,0.707438770955559,4,27.199999999999996,1,5,0.9911170689725128,0.8894658927150502,0.048053221604108,0.902930382897157,0.0553991212688927,0.79848157985922,False,20,reggae_20_Santeria_Sublime,Santeria,Sublime,82.0,182746.0,https://open.spotify.com/track/2hnMS47jN0etwvFPzYk11f,2hnMS47jN0etwvFPzYk11f,MuQ,-0.013464490182106825
reggae_21_LOKERA_Rauw_Alejandro.wav,reggae,90.0,0.3471236228942871,True,0.5929579122915146,234,88.16,1325,24110,0.8672390155573174,0.83069001720058,0.1213976581676139,0.8674628524798769,0.1109952936424248,1.0,False,21,reggae_21_LOKERA_Rauw_Alejandro,LOKERA,"Rauw Alejandro, Lyanno, Brray",78.0,197101.0,https://open.spotify.com/track/1aUq8rjW1EwkAkMri4VfJy,1aUq8rjW1EwkAkMri4VfJy,MuQ,-0.03677283527929687
reggae_22_Efecto_Bad_Bunny.wav,reggae,90.0,0.4626269340515136,True,0.4922876239989272,140,87.19999999999999,592,8418,0.8915178468932197,0.7903922707868762,0.1368665923741304,0.8281671308260502,0.1402446127436347,1.0,False,22,reggae_22_Efecto_Bad_Bunny,Efecto,Bad Bunny,83.0,213061.0,https://open.spotify.com/track/5Eax0qFko2dh7Rl2lYs3bx,5Eax0qFko2dh7Rl2lYs3bx,MuQ,-0.03777486003917396
reggae_23_Otro_Atardecer_Bad_Bunny.wav,reggae,90.0,0.3389670848846435,True,0.3094219983241218,60,87.2,141,1470,0.9067866654218978,0.732507862261054,0.1627461773318592,0.7800041285326733,0.1454357668925042,1.0,False,23,reggae_23_Otro_Atardecer_Bad_Bunny,Otro Atardecer,"Bad Bunny, The Marías",82.0,244444.0,https://open.spotify.com/track/0E0DRHf5PfMeor0ZCwB3oT,0E0DRHf5PfMeor0ZCwB3oT,MuQ,-0.04749626627161929
reggae_24_QLONA_KAROL_G.wav,reggae,90.0,0.3570938110351562,True,0.6963507785404499,3,31.040000000000003,1,2,0.997274157188814,0.8962521457831822,0.0071443318911636,0.869357417348152,0.1263655094547836,,False,24,reggae_24_QLONA_KAROL_G,QLONA,"KAROL G, Peso Pluma",71.0,172797.0,https://open.spotify.com/track/3XB5uhhlYSnkxpSihkNQwh,3XB5uhhlYSnkxpSihkNQwh,MuQ,0.02689472843503027
reggae_25_TQG_KAROL_G.wav,reggae,90.0,0.2302274703979492,True,0.2180194041755932,3,47.52,0,3,,0.7485924537433956,0.0664091226960008,0.6734489072049368,0.2043219351171139,0.2677846284712215,False,25,reggae_25_TQG_KAROL_G,TQG,"KAROL G, Shakira",67.0,198360.0,https://open.spotify.com/track/2oMjKuKUEJFuLiVmTq7Vjx,2oMjKuKUEJFuLiVmTq7Vjx,MuQ,0.07514354653845878
reggae_26_Se_Preparó_Ozuna.wav,reggae,90.0,0.3775043487548828,True,0.5117550070164019,224,87.52000000000001,1202,22125,0.894376598704944,0.8697843342457628,0.0847737803044284,0.8678399345787308,0.0839297874156945,1.4084982622872308e-06,True,26,reggae_26_Se_Preparó_Ozuna,Se Preparó,Ozuna,82.0,188080.0,https://open.spotify.com/track/1m69ELEgE6k5ZWsap40ozt,1m69ELEgE6k5ZWsap40ozt,MuQ,0.0019443996670320818
reggae_27_MOJABI_GHOST_Tainy.wav,reggae,90.0,0.3404300212860107,True,0.470588716719308,16,85.28,11,102,0.9267408508615624,0.858963334942744,0.0867838763814735,0.8183312636284321,0.1324761662871455,0.0093806976413992,True,27,reggae_27_MOJABI_GHOST_Tainy,MOJABI GHOST,"Tainy, Bad Bunny",85.0,232131.0,https://open.spotify.com/track/46YjJXVXWHlQ21odKktg5e,46YjJXVXWHlQ21odKktg5e,MuQ,0.0406320713143119
reggae_28_PELIGROSA_FloyyMenor.wav,reggae,90.0,0.3417906761169433,True,0.7574757573716288,13,12.0,20,33,0.9701277491385284,0.9609796730699668,0.02823427457663,0.9062892808628984,0.0637442609704291,4.280923085185403e-08,True,28,reggae_28_PELIGROSA_FloyyMenor,PELIGROSA,FloyyMenor,77.0,134930.0,https://open.spotify.com/track/5PCGEfALcpGtURIuTqvX0R,5PCGEfALcpGtURIuTqvX0R,MuQ,0.054690392207068395
reggae_29_LALA_Myke_Towers.wav,reggae,90.0,0.4360785484313965,True,0.7516006146984962,10,70.4,3,39,0.9289215926439436,0.907559924694168,0.044532583644636,0.9033873498526298,0.0658929888994163,0.5826589362418415,False,29,reggae_29_LALA_Myke_Towers,LALA,Myke Towers,80.0,197920.0,https://open.spotify.com/track/7ABLbnD53cQK00mhcaOUVG,7ABLbnD53cQK00mhcaOUVG,MuQ,0.0041725748415382125
reggae_30_frente_al_mar_Beéle.wav,reggae,90.0,0.4845287799835205,True,0.6625484049883501,226,89.28,1326,22228,0.9109384472950692,0.8843016095746379,0.0770777275943654,0.8953704259780902,0.0735732437988267,1.0,False,30,reggae_30_frente_al_mar_Beéle,frente al mar,Beéle,72.0,165178.0,https://open.spotify.com/track/60u6hcpH5Qm1M3xESdNBrB,60u6hcpH5Qm1M3xESdNBrB,MuQ,-0.011068816403452364
reggae_31_Desenfocao__Rauw_Alejandro.wav,reggae,90.0,0.3537745475769043,True,0.3102853714474941,185,88.96,775,15027,0.9329279469418004,0.7632963659264014,0.1487674091000956,0.7798465334487948,0.1457911517439754,1.0,False,31,reggae_31_Desenfocao__Rauw_Alejandro,Desenfocao',Rauw Alejandro,79.0,170535.0,https://open.spotify.com/track/2CEf2gU5ZJamLXa3NrgAvA,2CEf2gU5ZJamLXa3NrgAvA,MuQ,-0.016550167522393466
reggae_32_La_Old_Skul_Rauw_Alejandro.wav,reggae,90.0,0.4112753868103027,True,0.5498568704392601,19,88.47999999999999,11,155,0.9670310750051642,0.9252842622022894,0.0400006768523278,0.8461962452609987,0.1304632153811904,8.776076700027891e-17,True,32,reggae_32_La_Old_Skul_Rauw_Alejandro,La Old Skul,Rauw Alejandro,77.0,214857.0,https://open.spotify.com/track/4Z8HZSApeddaRM2ovivUj4,4Z8HZSApeddaRM2ovivUj4,MuQ,0.07908801694129075
reggae_33_Todo_De_Ti_Rauw_Alejandro.wav,reggae,90.0,0.2994964122772217,True,0.5249212897588234,133,87.36,515,7512,0.904905109939756,0.8124695976574611,0.1425748981642706,0.8304477198552227,0.1403641478327021,1.0,False,33,reggae_33_Todo_De_Ti_Rauw_Alejandro,Todo De Ti,Rauw Alejandro,80.0,199604.0,https://open.spotify.com/track/3rdAz1fbUfZxYgaCviYhRo,3rdAz1fbUfZxYgaCviYhRo,MuQ,-0.017978122197761626
reggae_34_Desesperados_Rauw_Alejandro.wav,reggae,90.0,0.3784747123718261,True,0.3874769975969847,64,88.0,76,1787,0.9080593362791864,0.8234940563875957,0.1145149814577855,0.8111269434102297,0.1268137776015366,0.0014072244766173,True,34,reggae_34_Desesperados_Rauw_Alejandro,Desesperados,"Rauw Alejandro, Chencho Corleone",69.0,224996.0,https://open.spotify.com/track/6ZOcbKub95XSDESsKKuH41,6ZOcbKub95XSDESsKKuH41,MuQ,0.012367112977365924
reggae_35_QUE_PRETENDES_J_Balvin.wav,reggae,90.0,0.4725475311279297,True,0.7682006218754348,94,88.64,401,3531,0.9387279181269648,0.9214311741833738,0.0697821341091766,0.922260334885245,0.0733225381565296,0.8261908339457397,False,35,reggae_35_QUE_PRETENDES_J_Balvin,QUE PRETENDES,"J Balvin, Bad Bunny",82.0,222346.0,https://open.spotify.com/track/25ZAibhr3bdlMCLmubZDVt,25ZAibhr3bdlMCLmubZDVt,MuQ,-0.0008291607018711122
reggae_36_Salió_El_Sol_Don_Omar.wav,reggae,90.0,0.3331763744354248,True,0.996400702332694,19,81.28,11,143,0.9671317230012704,0.9741304009153742,0.0180053653674846,0.9730615746613456,0.0168402303855229,0.1235032444166546,False,36,reggae_36_Salió_El_Sol_Don_Omar,Salió El Sol,Don Omar,82.0,315293.0,https://open.spotify.com/track/48NXpYRuvv9izul4oXhqS9,48NXpYRuvv9izul4oXhqS9,MuQ,0.0010688262540285987
reggae_37_MI_EX_TENÍA_RAZÓN_KAROL_G.wav,reggae,90.0,0.2919994592666626,True,0.3774051085952654,12,74.56,11,53,0.9167472218587772,0.8771613219846023,0.0622585987289936,0.8071466666195659,0.1339790697948127,0.0005589394141721,True,37,reggae_37_MI_EX_TENÍA_RAZÓN_KAROL_G,MI EX TENÍA RAZÓN,KAROL G,78.0,154374.0,https://open.spotify.com/track/54zcJnb3tp9c5OVKREZ1Is,54zcJnb3tp9c5OVKREZ1Is,MuQ,0.07001465536503637
reggae_38_Hawái_Maluma.wav,reggae,90.0,0.3595259189605713,True,0.8995150529991734,4,16.640000000000004,0,5,,0.9489125456808336,0.027291694351966,0.9262704135036518,0.0566326952849981,0.167130117932751,False,38,reggae_38_Hawái_Maluma,Hawái,Maluma,81.0,199112.0,https://open.spotify.com/track/1yoMvmasuxZfqHEipJhRbp,1yoMvmasuxZfqHEipJhRbp,MuQ,0.022642132177181806
reggae_39_La_Santa_Bad_Bunny.wav,reggae,90.0,0.3907105922698974,True,0.7720888857550989,20,87.68,18,153,0.9565845917171162,0.9423236702627548,0.0320895743211533,0.9039551632151784,0.0835358079751236,1.64039648444691e-06,True,39,reggae_39_La_Santa_Bad_Bunny,La Santa,"Bad Bunny, Daddy Yankee",81.0,206420.0,https://open.spotify.com/track/69vlMrzHwATKzupwNcUPyK,69vlMrzHwATKzupwNcUPyK,MuQ,0.03836850704757633
reggae_40_El_Perdedor_Maluma.wav,reggae,90.0,0.3392951488494873,True,0.7565187063127471,221,88.32000000000001,1035,21693,0.9320615581998982,0.915012633740783,0.0685953570318072,0.9159134946464452,0.0669151028903685,0.3857535417686479,False,40,reggae_40_El_Perdedor_Maluma,El Perdedor,Maluma,81.0,207168.0,https://open.spotify.com/track/1iEwyiSLAunPR6uouANE0O,1iEwyiSLAunPR6uouANE0O,MuQ,-0.0009008609056622152
reggae_41_Hey_Mor_Ozuna.wav,reggae,90.0,0.3307456970214844,True,0.7393379966646122,21,85.11999999999999,16,179,0.90982393479378,0.8088528341964898,0.2015301377145116,0.8821550510995028,0.1450107389112949,0.9999999999791368,False,41,reggae_41_Hey_Mor_Ozuna,Hey Mor,"Ozuna, Feid",79.0,196600.0,https://open.spotify.com/track/1zsPaEkglFvxjAhrM8yhpr,1zsPaEkglFvxjAhrM8yhpr,MuQ,-0.07330221690301297
reggae_42_Feliz_Cumpleaños_Ferxxo_Feid.wav,reggae,90.0,0.4088644981384277,True,0.6167324657631699,18,53.76,12,132,0.9717231055476688,0.9191680917819698,0.0598846376568424,0.8820275185860738,0.0640718768364884,1.4288287611288718e-12,True,42,reggae_42_Feliz_Cumpleaños_Ferxxo_Feid,Feliz Cumpleaños Ferxxo,Feid,66.0,156400.0,https://open.spotify.com/track/3kUq4sBcmxhnOtNysZ9yrp,3kUq4sBcmxhnOtNysZ9yrp,MuQ,0.03714057319589603
reggae_43_It_Wasn_t_Me_Shaggy.wav,reggae,90.0,0.4093129634857178,True,0.9091400831391676,95,88.0,302,3874,0.9314581347681344,0.9388407337498748,0.0455578422466017,0.9490761983959998,0.0330408474753571,1.0,False,43,reggae_43_It_Wasn_t_Me_Shaggy,It Wasn't Me,"Shaggy, Rik Rok",82.0,227600.0,https://open.spotify.com/track/3WkibOpDF7cQ5xntM1epyf,3WkibOpDF7cQ5xntM1epyf,MuQ,-0.010235464646125014
reggae_44_Three_Little_Birds_Bob_Marley___The_Wailers.wav,reggae,90.0,0.2614228725433349,True,0.3684302839108775,102,88.96000000000001,213,4613,0.8815018100801868,0.8312652535184621,0.0989806968166804,0.8142115490748301,0.11626141775045,9.141203339556912e-15,True,44,reggae_44_Three_Little_Birds_Bob_Marley___The_Wailers,Three Little Birds,Bob Marley & The Wailers,80.0,180266.0,https://open.spotify.com/track/7yFvSYKk3g5g8e7Ffl16ws,7yFvSYKk3g5g8e7Ffl16ws,MuQ,0.01705370444363208
reggae_45_Is_This_Love_Bob_Marley___The_Wailers.wav,reggae,90.0,0.31964111328125,True,0.7501857505031726,17,73.44,5,120,0.977690535856916,0.8826537696438801,0.0781581747479488,0.9083049074095436,0.0617222363346999,0.9997459896779736,False,45,reggae_45_Is_This_Love_Bob_Marley___The_Wailers,Is This Love,Bob Marley & The Wailers,80.0,232200.0,https://open.spotify.com/track/6JRLFiX9NJSoRRKxowlBYr,6JRLFiX9NJSoRRKxowlBYr,MuQ,-0.025651137765663523
reggae_46_Jamming_Bob_Marley___The_Wailers.wav,reggae,90.0,0.309782862663269,True,0.6257407828277264,5,66.08,0,9,,0.8893091172071327,0.0644714347366909,0.885869940467586,0.0749847583493712,0.5378012455564003,False,46,reggae_46_Jamming_Bob_Marley___The_Wailers,Jamming - FISHER Rework,"Bob Marley & The Wailers, FISHER",67.0,201928.0,https://open.spotify.com/track/2gKewcQZEV1fqoWH81RUDk,2gKewcQZEV1fqoWH81RUDk,MuQ,0.0034391767395466344
reggae_47_Angel_Shaggy.wav,reggae,90.0,0.3951520919799804,True,0.7280409916514576,72,84.8,116,2267,0.9029421261413972,0.9058284328673668,0.0671488888984545,0.9080994166618676,0.0633402738888237,0.7983116061552545,False,47,reggae_47_Angel_Shaggy,Angel,"Shaggy, Rayvon",81.0,235133.0,https://open.spotify.com/track/7FDV5ELOJHCGLe52AnttEd,7FDV5ELOJHCGLe52AnttEd,MuQ,-0.002270983794500747
reggae_48_Baby__I_Love_Your_Way_Big_Mountain.wav,reggae,90.0,0.2930958271026611,True,0.1619415759423981,21,50.08,9,176,0.848353874927633,0.7274646530279888,0.164359912146598,0.6778776163222553,0.1840821793106652,0.000553261825802,True,48,reggae_48_Baby__I_Love_Your_Way_Big_Mountain,"Baby, I Love Your Way",Big Mountain,71.0,249520.0,https://open.spotify.com/track/1Rvl8qsKJurfFTyWLBI9ib,1Rvl8qsKJurfFTyWLBI9ib,MuQ,0.0495870367057335
reggae_49_Red_Red_Wine_UB40.wav,reggae,90.0,0.4063400030136108,True,0.4137945796485944,2,4.0,0,0,,,,0.8530708484987573,0.0877542430243098,,False,49,reggae_49_Red_Red_Wine_UB40,Red Red Wine,UB40,74.0,183733.0,https://open.spotify.com/track/4uOKFydzAejjSFqYbv1XPt,4uOKFydzAejjSFqYbv1XPt,MuQ,
reggae_50_Closer_to_the_Sun_Slightly_Stoopid.wav,reggae,90.0,0.3378920555114746,True,0.3430455779670503,11,33.599999999999994,6,38,0.7501340273346431,0.753481956305981,0.1825506113776442,0.7732838168301855,0.1595464439571014,0.6510174253540103,False,50,reggae_50_Closer_to_the_Sun_Slightly_Stoopid,Closer to the Sun,Slightly Stoopid,65.0,145560.0,https://open.spotify.com/track/1UL8GkVAs6UcWF6BZ3DYZt,1UL8GkVAs6UcWF6BZ3DYZt,MuQ,-0.019801860524204518
pop_01_BIRDS_OF_A_FEATHER_Billie_Eilish.wav,pop,90.0,1.3760278224945068,True,0.4964588103531746,172,88.0,1486,11727,0.928574889638596,0.7921879183153657,0.1399872395459112,0.809514515094135,0.1596011875470872,1.0,False,1,pop_01_BIRDS_OF_A_FEATHER_Billie_Eilish,BIRDS OF A FEATHER,Billie Eilish,95.0,210373.0,https://open.spotify.com/track/6dOtVTDdiauQNBQEDOtlAB,6dOtVTDdiauQNBQEDOtlAB,MIR,-0.017326596778769243
pop_02_Die_With_A_Smile_Lady_Gaga.wav,pop,90.0,1.3880040645599363,True,0.4106869652315097,396,89.28,3753,69524,0.9129750873409632,0.81992380469391,0.1064072617618809,0.8257485196042732,0.1070830806270696,1.0,False,2,pop_02_Die_With_A_Smile_Lady_Gaga,Die With A Smile,"Lady Gaga, Bruno Mars",92.0,251667.0,https://open.spotify.com/track/2plbrEY59IikOBgBGLjaoe,2plbrEY59IikOBgBGLjaoe,MIR,-0.005824714910363182
pop_03_WILDFLOWER_Billie_Eilish.wav,pop,90.0,2.2305580377578735,True,0.1873901188664718,24,57.76,70,206,0.8323004171483686,0.771827815291017,0.0929526971871472,0.6880658157672748,0.1746933850577953,5.4293615865866454e-11,True,3,pop_03_WILDFLOWER_Billie_Eilish,WILDFLOWER,Billie Eilish,93.0,261466.0,https://open.spotify.com/track/3QaPy1KgI7nu9FJEQUgn6h,3QaPy1KgI7nu9FJEQUgn6h,MIR,0.08376199952374219
pop_04_Good_Luck__Babe__Chappell_Roan.wav,pop,90.0,2.0899698734283447,True,0.5499980168985427,112,67.36,572,5248,0.9518088862707628,0.921117280353298,0.0524600641135405,0.8728593940535968,0.0705731486989595,0.0,True,4,pop_04_Good_Luck__Babe__Chappell_Roan,"Good Luck, Babe!",Chappell Roan,90.0,218423.0,https://open.spotify.com/track/0WbMK4wrZ1wFSty9F7FCgu,0WbMK4wrZ1wFSty9F7FCgu,MIR,0.04825788629970118
pop_05_One_Of_The_Girls__with_JENNIE__Lily_Rose_Depp__The_Weeknd.wav,pop,90.0,1.56919264793396,True,0.3111396789642041,28,86.56,31,327,0.9563227069590876,0.9169340430754432,0.054716995892632,0.7485772459239516,0.1679871366859332,4.386766533231548e-85,True,5,pop_05_One_Of_The_Girls__with_JENNIE__Lily_Rose_Depp__The_Weeknd,"One Of The Girls (with JENNIE, Lily Rose Depp)","The Weeknd, JENNIE, Lily-Rose Depp",93.0,244684.0,https://open.spotify.com/track/7CyPwkp0oE8Ro9Dd5CUDjW,7CyPwkp0oE8Ro9Dd5CUDjW,MIR,0.16835679715149166
pop_06_No_One_Noticed_The_Marías.wav,pop,90.0,1.7037804126739502,True,0.2732382661775436,263,89.28,2046,30072,0.9291170164766344,0.7709131777788705,0.1449281850689606,0.7349808991147123,0.1661870948319007,2.1146899658967165e-279,True,6,pop_06_No_One_Noticed_The_Marías,No One Noticed,The Marías,91.0,236906.0,https://open.spotify.com/track/3siwsiaEoU4Kuuc9WKMUy5,3siwsiaEoU4Kuuc9WKMUy5,MIR,0.03593227866415816
pop_07_Beautiful_Things_Benson_Boone.wav,pop,90.0,1.789679765701294,True,0.2612108502720626,512,89.28,5695,116576,0.8593829181524791,0.753011346419224,0.1501436174141868,0.7559559841110869,0.1475308225304381,0.9999997491072018,False,7,pop_07_Beautiful_Things_Benson_Boone,Beautiful Things,Benson Boone,85.0,180304.0,https://open.spotify.com/track/6tNQ70jh4OwmPGpYy6R2o9,6tNQ70jh4OwmPGpYy6R2o9,MIR,-0.002944637691862928
pop_08_Iris_The_Goo_Goo_Dolls.wav,pop,90.0,1.6767446994781494,True,0.3967744067851029,54,85.44,137,1152,0.9194226124482368,0.8487728471519564,0.085330981297266,0.8115205455267748,0.1220148445671234,2.0148578935824708e-17,True,8,pop_08_Iris_The_Goo_Goo_Dolls,Iris,The Goo Goo Dolls,93.0,289533.0,https://open.spotify.com/track/6Qyc6fS4DsZjB2mRW9DsQs,6Qyc6fS4DsZjB2mRW9DsQs,MIR,0.03725230162518167
pop_09_Sailor_Song_Gigi_Perez.wav,pop,90.0,1.655019760131836,True,0.4423606839748404,161,83.19999999999999,1106,11424,0.9344182688197707,0.8852081714703322,0.0851605381037842,0.8281312635789303,0.1165701711226726,0.0,True,9,pop_09_Sailor_Song_Gigi_Perez,Sailor Song,Gigi Perez,88.0,211978.0,https://open.spotify.com/track/2262bWmqomIaJXwCRHr13j,2262bWmqomIaJXwCRHr13j,MIR,0.05707690789140185
pop_10_Sweater_Weather_The_Neighbourhood.wav,pop,90.0,1.956475615501404,True,0.245316449480333,381,89.28,3287,64510,0.8745201810411908,0.7643728710315008,0.175543394093303,0.7204341929801584,0.1689826494810086,0.0,True,10,pop_10_Sweater_Weather_The_Neighbourhood,Sweater Weather,The Neighbourhood,92.0,240400.0,https://open.spotify.com/track/2QjOHCTQ1Jl3zawyYOpxh6,2QjOHCTQ1Jl3zawyYOpxh6,MIR,0.04393867805134233
pop_11_Yellow_Coldplay.wav,pop,90.0,1.5644606351852417,True,0.3684432527648526,121,89.28,600,6236,0.9552884427399096,0.8882004037307657,0.0870146443093738,0.812032158675986,0.1174848884279211,0.0,True,11,pop_11_Yellow_Coldplay,Yellow,Coldplay,92.0,266773.0,https://open.spotify.com/track/3AJwUDP919kvQ9QcozQPxg,3AJwUDP919kvQ9QcozQPxg,MIR,0.0761682450547797
pop_12_party_4_u_Charli_xcx.wav,pop,90.0,1.9581077098846436,True,0.1910127101064516,73,62.4,502,2067,0.943316129072649,0.824897560690353,0.094579546383081,0.7355198310788614,0.1396291585423824,1.103117839502379e-185,True,12,pop_12_party_4_u_Charli_xcx,party 4 u,Charli xcx,84.0,296653.0,https://open.spotify.com/track/2RdEC8Ff83WkX7kDVCHseE,2RdEC8Ff83WkX7kDVCHseE,MIR,0.0893777296114916
pop_13_Taste_Sabrina_Carpenter.wav,pop,90.0,1.596909761428833,True,0.5453882818220107,375,89.28,3086,62343,0.9264261388446952,0.8979447118571077,0.0745649422217519,0.8563314496376774,0.1141157497428849,0.0,True,13,pop_13_Taste_Sabrina_Carpenter,Taste,Sabrina Carpenter,87.0,157279.0,https://open.spotify.com/track/5G2f63n7IPVPPjfNIGih7Q,5G2f63n7IPVPPjfNIGih7Q,MIR,0.04161326221943029
pop_14_Stargazing_Myles_Smith.wav,pop,90.0,1.5806450843811035,True,0.442215634268245,403,89.28,3797,72338,0.8965969697123877,0.7897311047739829,0.1594876901703065,0.7933813091137245,0.1483652904900382,0.0084125462184393,True,14,pop_14_Stargazing_Myles_Smith,Stargazing,Myles Smith,86.0,172533.0,https://open.spotify.com/track/3Vr3zh0r7ALn8VLqCiRR10,3Vr3zh0r7ALn8VLqCiRR10,MIR,-0.003650204339741614
pop_15_Apocalypse_Cigarettes_After_Sex.wav,pop,90.0,2.6316823959350586,True,0.1527790176533803,149,82.88000000000001,1165,9152,0.940132769329494,0.7426447674856452,0.2037425372746355,0.6089220065668219,0.1867189893353508,0.0,True,15,pop_15_Apocalypse_Cigarettes_After_Sex,Apocalypse,Cigarettes After Sex,90.0,290146.0,https://open.spotify.com/track/1oAwsWBovWRIp7qLMGPIet,1oAwsWBovWRIp7qLMGPIet,MIR,0.1337227609188233
pop_16_CHIHIRO_Billie_Eilish.wav,pop,90.0,2.2713212966918945,True,0.8656866158279197,8,1.1199999999999903,28,0,0.8294222268413336,,,0.9221275255886346,0.0633185575877816,,False,16,pop_16_CHIHIRO_Billie_Eilish,CHIHIRO,Billie Eilish,87.0,303440.0,https://open.spotify.com/track/7BRD7x5pt8Lqa1eGYC4dzj,7BRD7x5pt8Lqa1eGYC4dzj,MIR,
pop_17_Espresso_Sabrina_Carpenter.wav,pop,90.0,1.3434512615203855,True,0.7255699842799862,56,85.44,124,1300,0.9563112386797876,0.954673992073398,0.0353949255048499,0.9133612357928796,0.0542392825716036,6.281001726566065e-203,True,17,pop_17_Espresso_Sabrina_Carpenter,Espresso,Sabrina Carpenter,86.0,175459.0,https://open.spotify.com/track/2qSkIjg1o9h3YT9RAgYN75,2qSkIjg1o9h3YT9RAgYN75,MIR,0.04131275628051834
pop_18_End_of_Beginning_Djo.wav,pop,90.0,1.665430784225464,True,0.2797592074141553,4,9.120000000000005,3,3,0.9434528713854572,0.8828188485047014,0.0515876998600689,0.7511746616731491,0.154464949966545,0.0678437968590003,False,18,pop_18_End_of_Beginning_Djo,End of Beginning,Djo,99.0,159245.0,https://open.spotify.com/track/3qhlB30KknSejmIvZZLjOD,3qhlB30KknSejmIvZZLjOD,MIR,0.13164418683155232
pop_19_Cruel_Summer_Taylor_Swift.wav,pop,90.0,0.9344959259033204,True,0.9057836681836868,16,34.56,55,48,0.9922557620219848,0.9575473152955126,0.0082159337183884,0.9336344588620747,0.0394861160658425,4.024395206218758e-06,True,19,pop_19_Cruel_Summer_Taylor_Swift,Cruel Summer,Taylor Swift,89.0,178426.0,https://open.spotify.com/track/1BxfuPKGuaTgP7aM0Bbdwr,1BxfuPKGuaTgP7aM0Bbdwr,MIR,0.02391285643343788
pop_20_Messy_Lola_Young.wav,pop,90.0,1.9376120567321775,True,0.585778833193467,395,89.28,3670,69715,0.9359534313148028,0.8943941134218026,0.0741402763994349,0.880360788619978,0.0807301242370209,0.0,True,20,pop_20_Messy_Lola_Young,Messy,Lola Young,84.0,284068.0,https://open.spotify.com/track/3SKH53SPQbEnZR4cJPVaz2,3SKH53SPQbEnZR4cJPVaz2,MIR,0.01403332480182462
pop_21_Blinding_Lights_The_Weeknd.wav,pop,90.0,1.8582861423492432,True,0.4637620630802539,441,89.28,4456,86438,0.9156358991580122,0.8502026340075822,0.0968821742440844,0.8472216076332594,0.0928022484902681,1.107753947876504e-36,True,21,pop_21_Blinding_Lights_The_Weeknd,Blinding Lights,The Weeknd,91.0,200040.0,https://open.spotify.com/track/0VjIjW4GlUZAMYd2vXMi3b,0VjIjW4GlUZAMYd2vXMi3b,MIR,0.0029810263743228482
pop_22_Starboy_The_Weeknd.wav,pop,90.0,2.311803817749023,True,0.7113707260228869,468,89.28,5319,96207,0.9831750786467652,0.9663364674474324,0.0422749886408482,0.9070696615997332,0.1072085979994055,0.0,True,22,pop_22_Starboy_The_Weeknd,Starboy,"The Weeknd, Daft Punk",91.0,230453.0,https://open.spotify.com/track/7MXVkk9YMctZqd1Srtv4MB,7MXVkk9YMctZqd1Srtv4MB,MIR,0.05926680584769917
pop_23_Feel_It__From__Invincible___d4vd.wav,pop,90.0,2.1657804250717163,True,0.3589989052020843,117,81.75999999999999,688,5992,0.8847674051371381,0.8285128788488716,0.1384641715299623,0.7904278484499403,0.1457606703996117,6.2313056154194246e-105,True,23,pop_23_Feel_It__From__Invincible___d4vd,Feel Invincible,Skillet,76.0,229933.0,https://open.spotify.com/track/0i8JFpqe9cKwnrcvoNgl1L,0i8JFpqe9cKwnrcvoNgl1L,MIR,0.0380850303989313
pop_24_Snooze_SZA.wav,pop,90.0,1.6321980953216553,True,0.5085613952472298,97,78.56,356,4261,0.9513588485193294,0.9289519306445472,0.0585627960418254,0.8558165139268172,0.1004072824612163,0.0,True,24,pop_24_Snooze_SZA,Snooze,SZA,88.0,201800.0,https://open.spotify.com/track/4iZ4pt7kvcaH6Yo8UoZ4s2,4iZ4pt7kvcaH6Yo8UoZ4s2,MIR,0.07313541671772994
pop_25_greedy_Tate_McRae.wav,pop,90.0,1.9279639720916748,True,0.5326411574765129,97,87.36,376,4187,0.9358834420732672,0.8047364296866732,0.1688205542023868,0.8436691641892965,0.1177061911154739,0.9999971947875732,False,25,pop_25_greedy_Tate_McRae,greedy,Tate McRae,88.0,131872.0,https://open.spotify.com/track/3rUGC1vUpkDG9CZFHMur1t,3rUGC1vUpkDG9CZFHMur1t,MIR,-0.038932734502623245
pop_26_Viva_La_Vida_Coldplay.wav,pop,90.0,1.553834080696106,True,0.5451792692239652,4,0.4799999999999969,6,0,0.9715910399885804,,,0.8664155494379553,0.0748173518115454,,False,26,pop_26_Viva_La_Vida_Coldplay,Viva La Vida,Coldplay,88.0,242373.0,https://open.spotify.com/track/1mea3bSkSGXuIRvnydlB5b,1mea3bSkSGXuIRvnydlB5b,MIR,
pop_27_Unwritten_Natasha_Bedingfield.wav,pop,90.0,1.4646449089050293,True,0.550285472176457,35,68.16,44,505,0.9773089243737388,0.9574487227550574,0.0394817662579536,0.8640238399599494,0.094943142688037,6.155539099319407e-148,True,27,pop_27_Unwritten_Natasha_Bedingfield,Unwritten,Natasha Bedingfield,87.0,259333.0,https://open.spotify.com/track/3U5JVgI2x4rDyHGObzJfNf,3U5JVgI2x4rDyHGObzJfNf,MIR,0.09342488279510808
pop_28_Locked_out_of_Heaven_Bruno_Mars.wav,pop,90.0,1.1366424560546875,True,0.706098949837606,251,86.72,2142,26878,0.967249010329136,0.933759575678193,0.0475301701903626,0.8909908360311667,0.071699547811807,0.0,True,28,pop_28_Locked_out_of_Heaven_Bruno_Mars,Locked out of Heaven,Bruno Mars,91.0,233478.0,https://open.spotify.com/track/3w3y8KPTfNeOKPiqUTakBh,3w3y8KPTfNeOKPiqUTakBh,MIR,0.04276873964702632
pop_29_Something_Just_Like_This_The_Chainsmokers.wav,pop,90.0,1.6064015626907349,True,0.4269754680906384,99,76.16,400,3965,0.971813742807316,0.9484919607195498,0.0358305605970625,0.8395844188586409,0.0953182758810118,0.0,True,29,pop_29_Something_Just_Like_This_The_Chainsmokers,Something Just Like This,"The Chainsmokers, Coldplay",88.0,247160.0,https://open.spotify.com/track/6RUKPb4LETWmmr3iAEQktW,6RUKPb4LETWmmr3iAEQktW,MIR,0.1089075418609089
pop_30_As_It_Was_Harry_Styles.wav,pop,90.0,1.657132625579834,True,0.3865257384534704,124,79.84,866,6698,0.9706307712310704,0.9565664264128648,0.0278609803458284,0.8023209438736476,0.1303045905993257,0.0,True,30,pop_30_As_It_Was_Harry_Styles,As It Was,Harry Styles,90.0,167303.0,https://open.spotify.com/track/4Dvkj6JhhA12EX05fT7y2e,4Dvkj6JhhA12EX05fT7y2e,MIR,0.15424548253921722
pop_31_Give_Me_Everything__feat__Nayer__Pitbull.wav,pop,90.0,1.183671236038208,True,0.7273555310588313,462,89.28,4711,94760,0.971472158062426,0.9228300230051688,0.0693239378266493,0.9098357874646504,0.0748938471909196,0.0,True,31,pop_31_Give_Me_Everything__feat__Nayer__Pitbull,Give Me Everything (feat. Nayer),"Pitbull, AFROJACK, Ne-Yo, Nayer",88.0,252306.0,https://open.spotify.com/track/4QNpBfC0zvjKqPJcyqBy9W,4QNpBfC0zvjKqPJcyqBy9W,MIR,0.012994235540518373
pop_32_Pink_Pony_Club_Chappell_Roan.wav,pop,90.0,1.488189458847046,True,0.3424345308957763,148,85.92,855,9660,0.9382283740926708,0.8989971740225122,0.0685548563009833,0.8066312406436177,0.1125059476005005,0.0,True,32,pop_32_Pink_Pony_Club_Chappell_Roan,Pink Pony Club,Chappell Roan,85.0,258034.0,https://open.spotify.com/track/1k2pQc5i348DCHwbn5KTdc,1k2pQc5i348DCHwbn5KTdc,MIR,0.09236593337889454
pop_33_Slow_It_Down_Benson_Boone.wav,pop,90.0,1.878143072128296,True,0.3141114351925591,501,89.28,5441,111627,0.9016231431206284,0.7955290402371754,0.1377162146650319,0.7859627721160952,0.1408285563693342,2.4790992458529215e-110,True,33,pop_33_Slow_It_Down_Benson_Boone,Slow It Down,Benson Boone,84.0,161831.0,https://open.spotify.com/track/51eSHglvG1RJXtL3qI5trr,51eSHglvG1RJXtL3qI5trr,MIR,0.00956626812108019
pop_34_Everybody_Wants_To_Rule_The_World_Tears_For_Fears.wav,pop,90.0,1.735621213912964,True,0.8000566600416389,60,66.39999999999999,289,1276,0.9766648124735494,0.9520698316022416,0.0327946454949591,0.9078429740107627,0.0469566060037755,3.5489309152475584e-240,True,34,pop_34_Everybody_Wants_To_Rule_The_World_Tears_For_Fears,Everybody Wants To Rule The World,Tears For Fears,90.0,251488.0,https://open.spotify.com/track/4RvWPyQ5RL0ao9LPZeSouE,4RvWPyQ5RL0ao9LPZeSouE,MIR,0.04422685759147882
pop_35_One_Dance_Drake.wav,pop,90.0,1.820369005203247,True,0.5929202648416257,340,87.36,3025,50327,0.9086384720074356,0.7771285695160395,0.1898943633732681,0.8361525257024561,0.1848494600685513,1.0,False,35,pop_35_One_Dance_Drake,One Dance,"Drake, Wizkid, Kyla",91.0,173986.0,https://open.spotify.com/track/1zi7xx7UVEFkmKfv06H8x0,1zi7xx7UVEFkmKfv06H8x0,MIR,-0.05902395618641665
pop_36_Heat_Waves_Glass_Animals.wav,pop,90.0,1.726858139038086,True,0.2135023397449416,210,87.2,1488,18752,0.8542053831209573,0.7584739819795442,0.1447580389080637,0.7428466480129909,0.1429732590856277,1.2788725909964561e-44,True,36,pop_36_Heat_Waves_Glass_Animals,Heat Waves,Glass Animals,87.0,238805.0,https://open.spotify.com/track/3USxtqRwSYz57Ewm6wWRMp,3USxtqRwSYz57Ewm6wWRMp,MIR,0.015627333966553247
pop_37_Here_With_Me_d4vd.wav,pop,90.0,1.5851597785949707,True,0.1655802838164441,79,88.0,207,2681,0.9209398629088728,0.7984463415291263,0.0974015533328681,0.7485578659493648,0.1208221701084262,1.7383170008802595e-88,True,37,pop_37_Here_With_Me_d4vd,Here With Me,d4vd,86.0,242484.0,https://open.spotify.com/track/0NLm9bQG7ikL5k9x9TtYT7,0NLm9bQG7ikL5k9x9TtYT7,MIR,0.049888475579761504
pop_38_That_s_What_I_Like_Bruno_Mars.wav,pop,90.0,1.3763930797576904,True,0.424257297026418,508,89.28,5577,114732,0.915850414498449,0.8059062561731171,0.1647415599318594,0.7826417565156886,0.1811766031839793,3.664049288588007e-282,True,38,pop_38_That_s_What_I_Like_Bruno_Mars,That's What I Like,Bruno Mars,91.0,206693.0,https://open.spotify.com/track/0KKkJNfGyhkQ5aFogxQAPU,0KKkJNfGyhkQ5aFogxQAPU,MIR,0.023264499657428495
pop_39_Cry_Cigarettes_After_Sex.wav,pop,90.0,2.130129337310791,True,0.1561171754843331,201,86.24,1667,17381,0.8675880339297037,0.7982841611064863,0.1337526216159917,0.6450230780382884,0.1850858323059811,0.0,True,39,pop_39_Cry_Cigarettes_After_Sex,Cry,Cigarettes After Sex,88.0,256799.0,https://open.spotify.com/track/7mDTvYD2ieE4Q28XFziMfJ,7mDTvYD2ieE4Q28XFziMfJ,MIR,0.15326108306819786
pop_40_Closer_The_Chainsmokers.wav,pop,90.0,1.3404158353805542,True,0.4302181852292308,89,42.879999999999995,685,2313,0.7664611620031384,0.7526355676725129,0.182152140462804,0.8121230131307465,0.1501749216087635,1.0,False,40,pop_40_Closer_The_Chainsmokers,Closer,"The Chainsmokers, Halsey",88.0,244960.0,https://open.spotify.com/track/7BKLCZ1jbUBVqRi2FVlTVw,7BKLCZ1jbUBVqRi2FVlTVw,MIR,-0.05948744545823359
pop_41_I_Had_Some_Help__Feat__Morgan_Wallen__Post_Malone.wav,pop,90.0,1.012655258178711,True,0.8898015072830188,121,87.52000000000001,349,6380,0.9714207698632928,0.9585333331176584,0.0267108163006076,0.929021541802108,0.0368288486663222,0.0,True,41,pop_41_I_Had_Some_Help__Feat__Morgan_Wallen__Post_Malone,I Had Some Help (Feat. Morgan Wallen),"Post Malone, Morgan Wallen",81.0,178205.0,https://open.spotify.com/track/7221xIgOnuakPdLqT0F3nP,7221xIgOnuakPdLqT0F3nP,MIR,0.029511791315550373
pop_42_Ribs_Lorde.wav,pop,90.0,1.280210018157959,True,0.6739954961562458,229,89.28,1611,22668,0.983899011977136,0.900128102585636,0.0982031008783335,0.8384074972756029,0.1629273878219254,0.0,True,42,pop_42_Ribs_Lorde,Ribs,Lorde,84.0,258969.0,https://open.spotify.com/track/2MvvoeRt8NcOXWESkxWn3g,2MvvoeRt8NcOXWESkxWn3g,MIR,0.061720605310033094
pop_43_Stick_Season_Noah_Kahan.wav,pop,90.0,1.4556798934936523,True,0.5135780753339323,20,84.48,127,53,0.9291682081967136,0.8597148260504204,0.0606186792527376,0.8418364319816811,0.1247072708226786,0.5202930826130079,False,43,pop_43_Stick_Season_Noah_Kahan,Stick Season,Noah Kahan,86.0,182346.0,https://open.spotify.com/track/0mflMxspEfB0VbI1kyLiAv,0mflMxspEfB0VbI1kyLiAv,MIR,0.017878394068739256
pop_44_A_Bar_Song__Tipsy__Shaboozey.wav,pop,90.0,1.690582036972046,True,0.3577747964802782,119,87.67999999999999,275,6267,0.9349704904837848,0.9082739842586712,0.0608848801745143,0.812839333790493,0.1156817723873873,0.0,True,44,pop_44_A_Bar_Song__Tipsy__Shaboozey,A Bar Song (Tipsy),Shaboozey,83.0,171291.0,https://open.spotify.com/track/2FQrifJ1N335Ljm3TjTVVf,2FQrifJ1N335Ljm3TjTVVf,MIR,0.09543465046817823
pop_45_Romantic_Homicide_d4vd.wav,pop,90.0,1.0999764204025269,True,0.3545320793416858,16,87.36,11,109,0.9730416083854668,0.9441588872676328,0.0297356727996891,0.7136896114149412,0.2154287736965489,1.3491001540253122e-38,True,45,pop_45_Romantic_Homicide_d4vd,Romantic Homicide,d4vd,86.0,132630.0,https://open.spotify.com/track/1xK59OXxi2TAAAbmZK0kBL,1xK59OXxi2TAAAbmZK0kBL,MIR,0.2304692758526915
pop_47_Love_Me_Lil_Wayne.wav,pop,90.0,1.670069456100464,True,0.2086381381258495,305,88.64,2598,41757,0.8892720256872452,0.8008525712167577,0.1289079655974534,0.7033398272332915,0.1834920025005408,0.0,True,47,pop_47_Love_Me_Lil_Wayne,Poker Face,Lady Gaga,81.0,237200.0,https://open.spotify.com/track/5R8dQOPq8haW94K7mgERlO,5R8dQOPq8haW94K7mgERlO,MIR,0.09751274398346621
pop_48_Poker_Face_Lady_Gaga.wav,pop,90.0,1.4120854139328003,True,0.9993238568364432,193,76.0,1437,15520,0.9828820980325698,0.975615129254383,0.0184962189113861,0.9715783262028472,0.0253520428709104,1.225576106485395e-11,True,48,pop_48_Poker_Face_Lady_Gaga,Just Dance,"Lady Gaga, Colby O'Donis",79.0,241933.0,https://open.spotify.com/track/2x7MyWybabEz6Y6wvHuwGE,2x7MyWybabEz6Y6wvHuwGE,MIR,0.004036803051535753
pop_49_Just_Dance_Lady_Gaga.wav,pop,90.0,1.5762927532196045,True,0.6864112222137582,31,57.440000000000005,84,261,0.943695750047432,0.8942311338171103,0.07351289237383,0.9022311828083864,0.0669690169996447,0.9362476694430436,False,49,pop_49_Just_Dance_Lady_Gaga,Last Friday Night (T.G.I.F.),Katy Perry,77.0,230733.0,https://open.spotify.com/track/3avYqdwHKEq8beXbeWCKqJ,3avYqdwHKEq8beXbeWCKqJ,MIR,-0.008000048991276154
electronic_01_Let_Me_Love_You_DJ_Snake.wav,electronic,90.0,1.682190179824829,True,0.4723085378498521,8,76.8,4,24,0.9788918505768918,0.9376788338400784,0.0246097341213991,0.799479559049699,0.1542904416470736,1.9052024887658226e-07,True,1,electronic_01_Let_Me_Love_You_DJ_Snake,Let Me Love You,"DJ Snake, Justin Bieber",90.0,205946.0,https://open.spotify.com/track/0lYBSQXN6rCTvUZvg9S0lU,0lYBSQXN6rCTvUZvg9S0lU,MIR,0.1381992747903794
electronic_02_Ride_Or_Die__Pt__2__with_Villano_Antillano___Tokischa__Sevdaliza.wav,electronic,90.0,1.5910978317260742,True,0.5214562134345995,121,88.96000000000001,483,6687,0.958244088339581,0.9087597382687408,0.0649872523442341,0.8564847693499381,0.1018073719824862,0.0,True,2,electronic_02_Ride_Or_Die__Pt__2__with_Villano_Antillano___Tokischa__Sevdaliza,"Ride Or Die, Pt. 2 (with Villano Antillano & Tokischa)","Sevdaliza, Villano Antillano, Tokischa",79.0,158728.0,https://open.spotify.com/track/5oYVxFt2k4SkVp6wzVsFWN,5oYVxFt2k4SkVp6wzVsFWN,MIR,0.05227496891880268
electronic_03_Angel_Massive_Attack.wav,electronic,90.0,1.381625771522522,True,0.7447832784885116,203,89.28,718,18134,0.9657091628638268,0.9610838943400944,0.0264426746193697,0.924835230814706,0.056586912324315,0.0,True,3,electronic_03_Angel_Massive_Attack,Angel,"Massive Attack, Horace Andy",80.0,379533.0,https://open.spotify.com/track/7uv632EkfwYhXoqf8rhYrg,7uv632EkfwYhXoqf8rhYrg,MIR,0.03624866352538847
electronic_04_Middle_DJ_Snake.wav,electronic,90.0,2.037719964981079,True,0.3214137813589722,440,89.28,4644,85586,0.9095158869037648,0.8134607881119135,0.1529072288003924,0.7788515301128899,0.1507057811994155,0.0,True,4,electronic_04_Middle_DJ_Snake,Middle,"DJ Snake, Bipolar Sunshine",80.0,220573.0,https://open.spotify.com/track/0g5EKLgdKvNlln7TNqBByK,0g5EKLgdKvNlln7TNqBByK,MIR,0.03460925799902359
electronic_05_Glory_Box_Portishead.wav,electronic,90.0,2.818026304244995,True,0.2775740184749509,410,89.28,3984,75205,0.8689243750825011,0.7993132391816685,0.1412343849263445,0.6864071456596844,0.2263512663510713,0.0,True,5,electronic_05_Glory_Box_Portishead,Glory Box,Portishead,79.0,308626.0,https://open.spotify.com/track/3Ty7OTBNSigGEpeW2PqcsC,3Ty7OTBNSigGEpeW2PqcsC,MIR,0.11290609352198411
electronic_06_Loco_Contigo__feat__J__Balvin___Tyga__DJ_Snake.wav,electronic,90.0,1.6087560653686523,True,0.404662114137247,99,84.64,341,4188,0.8722329759173009,0.8108612357782726,0.1200349632904712,0.8177634750268654,0.1360302842167472,0.999999999999988,False,6,electronic_06_Loco_Contigo__feat__J__Balvin___Tyga__DJ_Snake,Loco Contigo (feat. J. Balvin & Tyga),"DJ Snake, J Balvin, Tyga",74.0,185194.0,https://open.spotify.com/track/6osaMSJh9NguagEDQcZaKx,6osaMSJh9NguagEDQcZaKx,MIR,-0.00690223924859279
electronic_07_You_Know_You_Like_It_DJ_Snake.wav,electronic,90.0,1.5178663730621338,True,0.3754286804316991,219,88.96,1265,21161,0.8684795577044385,0.819365873405582,0.1209440120639899,0.8109815260095523,0.1260308377471966,1.791530058159774e-13,True,7,electronic_07_You_Know_You_Like_It_DJ_Snake,You Know You Like It,"DJ Snake, AlunaGeorge",77.0,247266.0,https://open.spotify.com/track/57kR5SniQIbsbVoIjjOUDa,57kR5SniQIbsbVoIjjOUDa,MIR,0.008384347396029668
electronic_08_Where_s_Your_Head_At_Basement_Jaxx.wav,electronic,90.0,1.7967578172683716,True,0.5940139295564589,229,87.68,1143,23037,0.9196023659515704,0.9073493764812608,0.0790907003215232,0.8839620240964217,0.076663444945222,0.0,True,8,electronic_08_Where_s_Your_Head_At_Basement_Jaxx,Where's Your Head At,Basement Jaxx,71.0,285533.0,https://open.spotify.com/track/3cJh89D0za2SW705fNBo3b,3cJh89D0za2SW705fNBo3b,MIR,0.023387352384839133
electronic_09_Taki_Taki__feat__Selena_Gomez__Ozuna___Cardi_B__DJ_Snake.wav,electronic,90.0,1.0826165676116943,True,0.7719410660020234,14,37.6,17,60,0.980305491405584,0.877108024825748,0.0579680492422354,0.9241197815095014,0.0772878140031306,0.9999999996281116,False,9,electronic_09_Taki_Taki__feat__Selena_Gomez__Ozuna___Cardi_B__DJ_Snake,"Taki Taki (feat. Selena Gomez, Ozuna & Cardi B)","DJ Snake, Selena Gomez, Ozuna, Cardi B",75.0,212500.0,https://open.spotify.com/track/0KoiMHhqKLoL4xM54rcWYY,0KoiMHhqKLoL4xM54rcWYY,MIR,-0.04701175668375335
electronic_10_Closer_Nine_Inch_Nails.wav,electronic,90.0,1.4875600337982178,True,0.7480468968869084,4,0.480000000000004,6,0,0.9817225246066306,,,0.911740086282398,0.060804358017437,,False,10,electronic_10_Closer_Nine_Inch_Nails,Closer,Nine Inch Nails,76.0,373306.0,https://open.spotify.com/track/5mc6EyF1OIEOhAkD0Gg9Lc,5mc6EyF1OIEOhAkD0Gg9Lc,MIR,
electronic_11_Tom_Tom_Holy_Fuck.wav,electronic,90.0,0.8764721155166626,True,0.6698758074842879,14,38.56,16,75,0.9866792929144496,0.9692852203769364,0.0121211306690159,0.8969695397735732,0.0659425392660038,3.642772802123515e-21,True,11,electronic_11_Tom_Tom_Holy_Fuck,Tom Tom,Holy Fuck,66.0,227720.0,https://open.spotify.com/track/3aMIgXaB04SzL68n4lMWLL,3aMIgXaB04SzL68n4lMWLL,MIR,0.07231568060336324
electronic_12_Assumptions_Sam_Gellaitry.wav,electronic,90.0,1.3257856369018557,True,0.6127718029414116,316,88.64,2349,43897,0.9156422073586856,0.8796795077176697,0.0815159840734376,0.8774568364178826,0.0882666019820676,0.4193468663862459,False,12,electronic_12_Assumptions_Sam_Gellaitry,Assumptions,Sam Gellaitry,67.0,220838.0,https://open.spotify.com/track/4NczzeHBQPPDO0B9AAmB8d,4NczzeHBQPPDO0B9AAmB8d,MIR,0.002222671299787038
electronic_13_The_Look_Metronomy.wav,electronic,90.0,1.407219409942627,True,0.3258264654018047,50,15.519999999999996,408,618,0.9425201303112394,0.8754697251861144,0.1001893896347253,0.7643941743629976,0.151480568765544,8.190758458272535e-75,True,13,electronic_13_The_Look_Metronomy,The Look,Metronomy,72.0,277653.0,https://open.spotify.com/track/6zfczP87XO2SxWlQtnjFNa,6zfczP87XO2SxWlQtnjFNa,MIR,0.11107555082311682
electronic_14_U_Are_My_High__with_Future__DJ_Snake.wav,electronic,90.0,1.6155872344970703,True,0.5206547886234191,12,52.8,13,53,0.9759734080198056,0.9591234813993924,0.0227661323971863,0.846025755800303,0.1251898850279419,2.034981441302986e-15,True,14,electronic_14_U_Are_My_High__with_Future__DJ_Snake,U Are My High (with Future),"DJ Snake, Future",72.0,211200.0,https://open.spotify.com/track/0ITaSRuI0L1RNL7ZNYTTi7,0ITaSRuI0L1RNL7ZNYTTi7,MIR,0.11309772559908937
electronic_15_Teardrop_Massive_Attack.wav,electronic,90.0,0.957793354988098,True,0.8082429028576177,236,88.32000000000001,1220,24585,0.9532970946222088,0.9393940721356004,0.0356640803054352,0.9273384531912108,0.0451523566383732,3.974550638144034e-301,True,15,electronic_15_Teardrop_Massive_Attack,Teardrop,"Massive Attack, Elizabeth Fraser",75.0,330773.0,https://open.spotify.com/track/67Hna13dNDkZvBpTXRIaOJ,67Hna13dNDkZvBpTXRIaOJ,MIR,0.012055618944389668
electronic_16_Midas_Maribou_State.wav,electronic,90.0,1.750809907913208,True,0.2756424146998812,96,85.28,458,3996,0.923230909792664,0.8480833725075991,0.0981661198063727,0.7768400385672247,0.1263332009381807,6.2273798812324785e-264,True,16,electronic_16_Midas_Maribou_State,Midas,"Maribou State, Holly Walker",72.0,218357.0,https://open.spotify.com/track/6VNooTY5w9A9wg1YUsEbKB,6VNooTY5w9A9wg1YUsEbKB,MIR,0.07124333394037441
electronic_17_Taki_Taki__with_Selena_Gomez__Ozuna___Cardi_B__DJ_Snake.wav,electronic,90.0,1.0826165676116943,True,0.7719410660020234,14,37.6,17,60,0.980305491405584,0.877108024825748,0.0579680492422354,0.9241197815095014,0.0772878140031306,0.9999999996281116,False,17,electronic_17_Taki_Taki__with_Selena_Gomez__Ozuna___Cardi_B__DJ_Snake,"Taki Taki (with Selena Gomez, Ozuna & Cardi B)","DJ Snake, Selena Gomez, Ozuna, Cardi B",73.0,212500.0,https://open.spotify.com/track/4w8niZpiMy6qz1mntFA5uM,4w8niZpiMy6qz1mntFA5uM,MIR,-0.04701175668375335
electronic_18_Glue_BICEP.wav,electronic,90.0,2.3896833658218384,True,0.1810814639192002,31,73.76,209,134,0.908285686379087,0.4923736464613646,0.2703474829962571,0.6966512190325435,0.1712203483865278,1.0,False,18,electronic_18_Glue_BICEP,Glue,BICEP,72.0,269149.0,https://open.spotify.com/track/2aJDlirz6v2a4HREki98cP,2aJDlirz6v2a4HREki98cP,MIR,-0.20427757257117884
electronic_19_Neverender_Justice.wav,electronic,90.0,1.3300936222076416,True,0.4051611002372796,166,85.12,873,11823,0.9408811322236048,0.7723477918487962,0.1318537057912752,0.7906609182949319,0.1538190752483528,1.0,False,19,electronic_19_Neverender_Justice,Neverender,"Justice, Tame Impala",65.0,266493.0,https://open.spotify.com/track/0ccoGCaOFCxI6pHixrQpKj,0ccoGCaOFCxI6pHixrQpKj,MIR,-0.018313126446135697
electronic_20_Six_Days_-_Remix_DJ_Shadow.wav,electronic,90.0,0.7038438320159912,True,0.9935489394814097,130,84.8,516,7182,0.985568619536114,0.971918926122114,0.0191202878517871,0.964141236457712,0.0234932501414908,5.249610057515345e-200,True,20,electronic_20_Six_Days_-_Remix_DJ_Shadow,Six Days - Remix,"DJ Shadow, Mos Def",73.0,232000.0,https://open.spotify.com/track/5j3QqRGflS4o5jbsFSwKW1,5j3QqRGflS4o5jbsFSwKW1,MIR,0.007777689664401954
electronic_21_Turn_Down_for_What_DJ_Snake.wav,electronic,90.0,1.8188047409057615,True,0.5385163001496455,507,89.28,5828,113836,0.944769471371842,0.8641798789769151,0.1173139508425048,0.8317148179952637,0.1461556101867538,0.0,True,21,electronic_21_Turn_Down_for_What_DJ_Snake,Turn Down for What,"DJ Snake, Lil Jon",71.0,213733.0,https://open.spotify.com/track/67awxiNHNyjMXhVgsHuIrs,67awxiNHNyjMXhVgsHuIrs,MIR,0.03246506098165136
electronic_22_where_s_my_head_at___Basement_Jaxx.wav,electronic,90.0,2.1117944717407227,True,0.3786272027378132,58,49.92,188,1183,0.9223550264320424,0.910185675535606,0.0604707935194998,0.8043146196575831,0.1302199054347008,1.5368013436221733e-192,True,22,electronic_22_where_s_my_head_at___Basement_Jaxx,where's my head at _,"Basement Jaxx, 100 gecs",67.0,152822.0,https://open.spotify.com/track/1hJN8hZvzEvOvqX32jSSrw,1hJN8hZvzEvOvqX32jSSrw,MIR,0.10587105587802292
electronic_23_Steal_Maribou_State.wav,electronic,90.0,1.629911184310913,True,0.23382692623681,141,89.28,693,8486,0.9186819660266216,0.8205275064005332,0.1021670627516699,0.738073926481019,0.1530274308993044,0.0,True,23,electronic_23_Steal_Maribou_State,Steal,"Maribou State, Holly Walker",69.0,219945.0,https://open.spotify.com/track/0pAiyIHt9DyHOjWgF41kp6,0pAiyIHt9DyHOjWgF41kp6,MIR,0.08245357991951419
electronic_24_9_Dean_Blunt.wav,electronic,87.115125,1.704453468322754,True,0.336690959002047,214,77.92,1504,20281,0.909134008978956,0.8968917873493455,0.1013800316348561,0.7368489272849956,0.2012869763839646,0.0,True,24,electronic_24_9_Dean_Blunt,9,"Dean Blunt, Panda Bear",75.0,87115.0,https://open.spotify.com/track/5JXtkWtuqS8Dm8sKbtPGWa,5JXtkWtuqS8Dm8sKbtPGWa,MIR,0.16004286006434987
electronic_25_100_Dean_Blunt.wav,electronic,90.0,2.1339597702026367,True,0.8761672125966604,5,35.67999999999999,6,4,0.9869407266478686,0.9382401452960444,0.0157788954249584,0.93398579828712,0.0463554688411169,0.6106153569426811,False,25,electronic_25_100_Dean_Blunt,100,Dean Blunt,72.0,200906.0,https://open.spotify.com/track/784VjdNkpXhFV0RHquzsi2,784VjdNkpXhFV0RHquzsi2,MIR,0.004254347008924353
electronic_26_Hollow__feat__Bonn__MORTEN.wav,electronic,90.0,1.9380781650543213,True,0.2160937182270947,19,80.48,47,100,0.97883894142851,0.9310552419219646,0.0373431827821776,0.7206719018204276,0.1600073477402932,2.374021443356272e-45,True,26,electronic_26_Hollow__feat__Bonn__MORTEN,Hollow (feat. Bonn),"MORTEN, ARTBAT, Bonn",69.0,200859.0,https://open.spotify.com/track/7EdPWyTm6EtO5httz2Dcoa,7EdPWyTm6EtO5httz2Dcoa,MIR,0.21038334010153703
electronic_27_Tsunami_DVBBS.wav,electronic,90.0,1.8045542240142824,True,0.5663626960358746,186,84.96,1526,13827,0.9737011631778516,0.8766137866448193,0.1077911426177761,0.8740338878438123,0.1117907699573668,1.2914865766022875e-05,True,27,electronic_27_Tsunami_DVBBS,Tsunami,"DVBBS, Borgeous",67.0,236706.0,https://open.spotify.com/track/0vZCG0H9KhtU7K8MEUVAoV,0vZCG0H9KhtU7K8MEUVAoV,MIR,0.0025798988010069523
electronic_28_Bayside_-_Radio_Edit_Obskür.wav,electronic,90.0,1.9400012493133545,True,0.6036588536666286,231,88.64,1464,22950,0.9169472190835444,0.8971951205282744,0.0869190574772889,0.87142864052818,0.0914929821489435,0.0,True,28,electronic_28_Bayside_-_Radio_Edit_Obskür,Bayside - Radio Edit,Obskür,69.0,197419.0,https://open.spotify.com/track/7hYW4hKuPkfaLbzTpg9hQB,7hYW4hKuPkfaLbzTpg9hQB,MIR,0.025766480000094405
electronic_29_Galvanize_The_Chemical_Brothers.wav,electronic,90.0,1.4780104160308838,True,0.7682790645553037,44,77.60000000000001,144,637,0.9679482262318272,0.924364677194803,0.0423383094800292,0.9051612707281256,0.064710515625999,1.244359356545405e-09,True,29,electronic_29_Galvanize_The_Chemical_Brothers,Galvanize,The Chemical Brothers,67.0,393813.0,https://open.spotify.com/track/4bz7uB4edifWKJXSDxwHcs,4bz7uB4edifWKJXSDxwHcs,MIR,0.019203406466677397
electronic_30_Rip___Tear_Mick_Gordon.wav,electronic,90.0,1.7654013633728027,True,0.5881678723713676,17,66.56,38,71,0.9615669931152332,0.94245648562915,0.0267403955832697,0.8683883563077222,0.0930731687450401,7.230551619679201e-13,True,30,electronic_30_Rip___Tear_Mick_Gordon,Rip & Tear,Mick Gordon,64.0,257734.0,https://open.spotify.com/track/5soMJpcVhSrGrB4prvPL6P,5soMJpcVhSrGrB4prvPL6P,MIR,0.07406812932142781
electronic_31_D_A_N_C_E_Justice.wav,electronic,90.0,1.6289935111999512,True,0.7097959545989382,97,85.92,323,3891,0.9301861219705532,0.8810047028597786,0.0745375128311035,0.8977137083081209,0.0788149614210838,1.0,False,31,electronic_31_D_A_N_C_E_Justice,D.A.N.C.E.,Justice,67.0,242266.0,https://open.spotify.com/track/33yAEqzKXexYM3WlOYtTfQ,33yAEqzKXexYM3WlOYtTfQ,MIR,-0.016709005448342307
electronic_32_Sour_Times_Portishead.wav,electronic,90.0,1.558438062667847,True,0.4707558008865408,252,88.47999999999999,1568,28135,0.940012314132594,0.8877930870839454,0.0816363255257936,0.8533876541338173,0.0862503745290804,0.0,True,32,electronic_32_Sour_Times_Portishead,Sour Times,Portishead,68.0,252266.0,https://open.spotify.com/track/6vTtCOimcPs5H1Jr9d0Aep,6vTtCOimcPs5H1Jr9d0Aep,MIR,0.0344054329501281
electronic_33_Red_Sex_Vessel.wav,electronic,90.0,1.9008868932724,True,0.5823694096212528,261,88.16000000000001,1955,29401,0.9660273858242848,0.9475870086361446,0.0418241338920925,0.8699487481711541,0.1084006938821439,0.0,True,33,electronic_33_Red_Sex_Vessel,Red Sex,Vessel,66.0,337405.0,https://open.spotify.com/track/2KBOfdbo1WlLsPI87RrqPH,2KBOfdbo1WlLsPI87RrqPH,MIR,0.07763826046499056
electronic_34_La_leçon_particulière_-_Bande_originale_du_film__La_leçon_particulière__Francis_Lai.wav,electronic,90.0,3.129701256752014,True,0.146108871640453,287,88.16000000000001,2442,36238,0.8634399302250397,0.7089289306579342,0.2167868826486574,0.5861678217098866,0.2199521726630481,0.0,True,34,electronic_34_La_leçon_particulière_-_Bande_originale_du_film__La_leçon_particulière__Francis_Lai,"La leçon particulière - Bande originale du film ""La leçon particulière""","Francis Lai, Christian Gaubert",68.0,105560.0,https://open.spotify.com/track/4OWa2dOlmtvMDhFrFL0QA1,4OWa2dOlmtvMDhFrFL0QA1,MIR,0.12276110894804759
electronic_35_Nervous_Tics_Maribou_State.wav,electronic,90.0,1.375382661819458,True,0.5413577382822312,18,61.76,32,121,0.9445309336259268,0.9173718960961632,0.0368072552008481,0.859703163750266,0.0931446490647885,5.3534686347724146e-12,True,35,electronic_35_Nervous_Tics_Maribou_State,Nervous Tics,"Maribou State, Holly Walker",66.0,254020.0,https://open.spotify.com/track/2oJ8Il24SIiDCJv39RYzPp,2oJ8Il24SIiDCJv39RYzPp,MIR,0.0576687323458972
electronic_36_Sexy_Boy_Air.wav,electronic,90.0,2.828573942184448,True,0.2131257393348488,452,89.28,5022,90350,0.932674081060126,0.7514372049210569,0.1412977694724917,0.7362827360776456,0.1376896711112173,3.0170127457225982e-235,True,36,electronic_36_Sexy_Boy_Air,Sexy Boy,Air,59.0,298466.0,https://open.spotify.com/track/7Fx3o9QtK1vtpkEWkM6OJu,7Fx3o9QtK1vtpkEWkM6OJu,MIR,0.015154468843411317
electronic_37_Shootout_Izzamuzzic.wav,electronic,90.0,1.7898175716400146,True,0.333759752609667,415,89.28,3851,76763,0.8968666071473342,0.788497403331464,0.1507288001837131,0.7801355620010306,0.145645921753568,2.9343869330170066e-96,True,37,electronic_37_Shootout_Izzamuzzic,Shootout,"Izzamuzzic, Julien Marchal",66.0,295308.0,https://open.spotify.com/track/4pTkDIlpFNoeWbahu8pVXW,4pTkDIlpFNoeWbahu8pVXW,MIR,0.008361841330433384
electronic_38_Alibi__with_Pabllo_Vittar___Yseult__Sevdaliza.wav,electronic,90.0,2.2575905323028564,True,0.2815647740743795,55,88.96,160,1278,0.9539473601253168,0.8789840592308819,0.0890191949874778,0.7702454270603774,0.1407471286056927,4.6565071961198056e-169,True,38,electronic_38_Alibi__with_Pabllo_Vittar___Yseult__Sevdaliza,Alibi (with Pabllo Vittar & Yseult),"Sevdaliza, Pabllo Vittar, Yseult",56.0,161655.0,https://open.spotify.com/track/6G15l720kBWvIQZyoEJEYE,6G15l720kBWvIQZyoEJEYE,MIR,0.1087386321705045
electronic_39_The_Hand_That_Feeds_Nine_Inch_Nails.wav,electronic,90.0,1.5419437885284424,True,0.9999026706395848,375,89.28,4015,60425,0.9783105088338492,0.9601148834429716,0.0227646950270313,0.9609012572154926,0.0224992806326374,0.9999999999999992,False,39,electronic_39_The_Hand_That_Feeds_Nine_Inch_Nails,The Hand That Feeds,Nine Inch Nails,67.0,211680.0,https://open.spotify.com/track/5ugzDiilhy6ILKmKfhEzd7,5ugzDiilhy6ILKmKfhEzd7,MIR,-0.0007863737725209985
electronic_40_Dance_Yrself_Clean_LCD_Soundsystem.wav,electronic,90.0,1.441924810409546,True,0.7311503688253933,130,88.16,426,7423,0.953632435837892,0.9400916744321596,0.0403021468879621,0.9079747207691352,0.0561404750807658,0.0,True,40,electronic_40_Dance_Yrself_Clean_LCD_Soundsystem,Dance Yrself Clean,LCD Soundsystem,66.0,536471.0,https://open.spotify.com/track/2cmRpmO04TLaKPzmAzySYZ,2cmRpmO04TLaKPzmAzySYZ,MIR,0.03211695366302436
electronic_41_Xtal_Aphex_Twin.wav,electronic,90.0,1.6343269348144531,True,0.6936527532688123,153,85.6,466,10273,0.9455553141886472,0.9447703625213996,0.0415506198402317,0.914937517712062,0.0676536894385085,0.0,True,41,electronic_41_Xtal_Aphex_Twin,Xtal,Aphex Twin,70.0,293751.0,https://open.spotify.com/track/7o2AeQZzfCERsRmOM86EcB,7o2AeQZzfCERsRmOM86EcB,MIR,0.029832844809337566
electronic_42_Lebanese_Blonde_Thievery_Corporation.wav,electronic,90.0,2.5741286277770996,True,0.4115889930944,93,84.96,217,3901,0.9343284864527466,0.9205248830223568,0.0576337471987025,0.8060470049427009,0.150926056113645,0.0,True,42,electronic_42_Lebanese_Blonde_Thievery_Corporation,Lebanese Blonde,Thievery Corporation,66.0,288826.0,https://open.spotify.com/track/6k5VMHrwv7mgPpkQSRQtQr,6k5VMHrwv7mgPpkQSRQtQr,MIR,0.11447787807965593
electronic_43_QKThr_Aphex_Twin.wav,electronic,87.46666666666667,1.6363335847854614,True,0.1753639431468616,6,18.40000000000001,7,8,0.958057992685034,0.9123526610552573,0.031676042596053,,,,False,43,electronic_43_QKThr_Aphex_Twin,QKThr,Aphex Twin,64.0,87466.0,https://open.spotify.com/track/4LIM4qmpHABufePRrLWbiM,4LIM4qmpHABufePRrLWbiM,MIR,
electronic_44_You_Wish_Nightmares_On_Wax.wav,electronic,90.0,1.1695959568023682,True,0.3496301043615011,197,85.27999999999999,928,17062,0.938848172230516,0.9300770738350496,0.0648678891366022,0.7829624729671836,0.1527436667757676,0.0,True,44,electronic_44_You_Wish_Nightmares_On_Wax,You Wish,Nightmares On Wax,68.0,209316.0,https://open.spotify.com/track/6G6M4fl2I0eqEQnzyTwR8m,6G6M4fl2I0eqEQnzyTwR8m,MIR,0.14711460086786599
electronic_45_Never_Catch_Me_Flying_Lotus.wav,electronic,90.0,1.3624053001403809,True,0.533092171407958,164,77.11999999999999,1038,11260,0.9299722258730538,0.8841331587581035,0.0707321791677941,0.8433911370062356,0.1190623883034775,7.212709728716001e-192,True,45,electronic_45_Never_Catch_Me_Flying_Lotus,Never Catch Me,"Flying Lotus, Kendrick Lamar",62.0,234486.0,https://open.spotify.com/track/1KOqY0QTSadQFRgbNw1sLh,1KOqY0QTSadQFRgbNw1sLh,MIR,0.04074202175186792
electronic_46_Bfg_Division_Mick_Gordon.wav,electronic,90.0,1.9769411087036133,True,0.598873220638609,195,64.0,1890,14460,0.967579989109084,0.8969207648368185,0.082253752680524,0.87032612425656,0.0800347737081405,0.0,True,46,electronic_46_Bfg_Division_Mick_Gordon,Bfg Division,Mick Gordon,61.0,506762.0,https://open.spotify.com/track/4COR2ZPEyUn0lsbAouRWxA,4COR2ZPEyUn0lsbAouRWxA,MIR,0.02659464058025851
electronic_47_Red_Sex__Re-Strung___feat__Rakhi_Singh__Vessel.wav,electronic,90.0,1.9008868932724,True,0.5823694096212528,261,88.16000000000001,1955,29401,0.9660273858242848,0.9475870086361446,0.0418241338920925,0.8699487481711541,0.1084006938821439,0.0,True,47,electronic_47_Red_Sex__Re-Strung___feat__Rakhi_Singh__Vessel,Red Sex (Re-Strung) [feat. Rakhi Singh],"Vessel, Rakhi Singh",62.0,364435.0,https://open.spotify.com/track/1Tp4xz7ybZ3dtQc6yBs3m4,1Tp4xz7ybZ3dtQc6yBs3m4,MIR,0.07763826046499056
electronic_48_Feel_Your_Weight_-_Poolside_Remix_Rhye.wav,electronic,90.0,2.0918045043945312,True,0.4053803116428201,8,1.1200000000000043,28,0,0.9176253668288524,,,0.8196669457190913,0.1206199380674504,,False,48,electronic_48_Feel_Your_Weight_-_Poolside_Remix_Rhye,Feel Your Weight - Poolside Remix,"Rhye, Poolside",66.0,310133.0,https://open.spotify.com/track/1hgX0ZmmP7IRRjUFCIBrnQ,1hgX0ZmmP7IRRjUFCIBrnQ,MIR,
electronic_49_Head_Like_A_Hole_Nine_Inch_Nails.wav,electronic,90.0,0.8444063663482666,True,0.9867857450889908,6,80.16,4,5,0.9862803006091196,0.9663356647497616,0.007538489185969,0.958886023053756,0.023876172766043,0.3138047878078079,False,49,electronic_49_Head_Like_A_Hole_Nine_Inch_Nails,Head Like A Hole,Nine Inch Nails,64.0,299680.0,https://open.spotify.com/track/3ckd4YA4LcD3j50rfIVwUe,3ckd4YA4LcD3j50rfIVwUe,MIR,0.007449641696005593
electronic_50_Hearing_Damage_Thom_Yorke.wav,electronic,90.0,2.2899527549743652,True,0.4792025539828546,15,2.239999999999995,102,0,0.9478816847994228,,,0.8394808701914764,0.1140568311033133,,False,50,electronic_50_Hearing_Damage_Thom_Yorke,Hearing Damage,Thom Yorke,67.0,303360.0,https://open.spotify.com/track/1fTtPH0xGwFOXM5VlkxOX1,1fTtPH0xGwFOXM5VlkxOX1,MIR,
hip-hop_01_Not_Like_Us_Kendrick_Lamar.wav,hip-hop,90.0,1.798050880432129,True,0.4501976491119168,459,88.16,4771,93074,0.9400027841624092,0.8440211925022968,0.1211895532500828,0.8140637351010147,0.1420094679102504,0.0,True,1,hip-hop_01_Not_Like_Us_Kendrick_Lamar,Not Like Us,Kendrick Lamar,88.0,274192.0,https://open.spotify.com/track/6AI3ezQ4o3HUoP6Dhudph3,6AI3ezQ4o3HUoP6Dhudph3,MIR,0.029957457401282084
hip-hop_02_All_The_Stars__with_SZA__Kendrick_Lamar.wav,hip-hop,90.0,1.7221381664276123,True,0.5544637095581083,446,89.12,4300,88505,0.9286294666046784,0.8699299916276609,0.0873551804098775,0.8649042300238904,0.0935504522193359,1.7089707415845937e-33,True,2,hip-hop_02_All_The_Stars__with_SZA__Kendrick_Lamar,"All The Stars (with SZA) - From ""Black Panther: The Album""","Kendrick Lamar, SZA",90.0,232186.0,https://open.spotify.com/track/3GCdLUSnKSMJhs4Tj6CV3s,3GCdLUSnKSMJhs4Tj6CV3s,MIR,0.005025761603770551
hip-hop_03_See_You_Again__feat__Kali_Uchis__Tyler__The_Creator.wav,hip-hop,90.0,2.0776216983795166,True,0.1763883756258573,353,88.80000000000001,3228,54628,0.9036843362796788,0.7633169666500274,0.1258203899602209,0.7492835716196532,0.1229889699177671,2.0008267962399601e-184,True,3,hip-hop_03_See_You_Again__feat__Kali_Uchis__Tyler__The_Creator,See You Again (feat. Kali Uchis),"Tyler, The Creator, Kali Uchis",89.0,180386.0,https://open.spotify.com/track/7KA4W4McWYRpgf0fWsJZWB,7KA4W4McWYRpgf0fWsJZWB,MIR,0.014033395030374152
hip-hop_04_Pink___White_Frank_Ocean.wav,hip-hop,90.0,1.9516584873199463,True,0.449391061941387,409,88.32000000000001,3844,74192,0.928236333067575,0.8812442022230765,0.0905866196370007,0.8342370997060288,0.1085015724752435,0.0,True,4,hip-hop_04_Pink___White_Frank_Ocean,Pink + White,Frank Ocean,87.0,184516.0,https://open.spotify.com/track/3xKsf9qdS1CyvXSMEid6g8,3xKsf9qdS1CyvXSMEid6g8,MIR,0.04700710251704776
hip-hop_05_Feel_Good_Inc__Gorillaz.wav,hip-hop,90.0,1.4758336544036863,True,0.7603772551483517,111,86.08,594,5155,0.9369747209078084,0.9093639485025014,0.0652178610855124,0.9140464931523334,0.0628527355866281,0.999994515860925,False,5,hip-hop_05_Feel_Good_Inc__Gorillaz,Feel Good Inc.,"Gorillaz, De La Soul",91.0,222640.0,https://open.spotify.com/track/0d28khcov6AiegSCpG5TuT,0d28khcov6AiegSCpG5TuT,MIR,-0.004682544649832088
hip-hop_06_Give_Me_Everything__feat__Nayer__Pitbull.wav,hip-hop,90.0,1.183671236038208,True,0.7273555310588313,462,89.28,4711,94760,0.971472158062426,0.9228300230051688,0.0693239378266493,0.9098357874646504,0.0748938471909196,0.0,True,6,hip-hop_06_Give_Me_Everything__feat__Nayer__Pitbull,Give Me Everything (feat. Nayer),"Pitbull, AFROJACK, Ne-Yo, Nayer",88.0,252306.0,https://open.spotify.com/track/4QNpBfC0zvjKqPJcyqBy9W,4QNpBfC0zvjKqPJcyqBy9W,MIR,0.012994235540518373
hip-hop_07_HUMBLE__Kendrick_Lamar.wav,hip-hop,90.0,1.5395386219024658,True,0.6109197750470435,103,86.72000000000001,205,4646,0.9776565667688916,0.959022428800269,0.0514028359872764,0.8792810364198929,0.1042127930761313,0.0,True,7,hip-hop_07_HUMBLE__Kendrick_Lamar,HUMBLE.,Kendrick Lamar,85.0,177000.0,https://open.spotify.com/track/7KXjTSCq5nL1LoYtL7XAwS,7KXjTSCq5nL1LoYtL7XAwS,MIR,0.07974139238037614
hip-hop_08_NIGHTS_LIKE_THIS_The_Kid_LAROI.wav,hip-hop,90.0,1.9898481369018557,True,0.2885227530988321,315,78.72,3118,42691,0.940338718985788,0.843294577218416,0.1237862445456561,0.691589158143348,0.2104815818054895,0.0,True,8,hip-hop_08_NIGHTS_LIKE_THIS_The_Kid_LAROI,NIGHTS LIKE THIS,The Kid LAROI,87.0,86983.0,https://open.spotify.com/track/1XBYiRV30ykHw5f4wm6qEn,1XBYiRV30ykHw5f4wm6qEn,MIR,0.15170541907506807
hip-hop_09_One_Dance_Drake.wav,hip-hop,90.0,1.820369005203247,True,0.5929202648416257,340,87.36,3025,50327,0.9086384720074356,0.7771285695160395,0.1898943633732681,0.8361525257024561,0.1848494600685513,1.0,False,9,hip-hop_09_One_Dance_Drake,One Dance,"Drake, Wizkid, Kyla",91.0,173986.0,https://open.spotify.com/track/1zi7xx7UVEFkmKfv06H8x0,1zi7xx7UVEFkmKfv06H8x0,MIR,-0.05902395618641665
hip-hop_10_Without_Me_Eminem.wav,hip-hop,90.0,0.779893159866333,True,0.7672192699542502,82,85.76,221,2903,0.9741309455583754,0.9617333038089524,0.0330519502566004,0.9276063331946106,0.0800701727859008,2.6797010192184674e-66,True,10,hip-hop_10_Without_Me_Eminem,Without Me,Eminem,89.0,290320.0,https://open.spotify.com/track/7lQ8MOhq6IN2w8EYcFNSUk,7lQ8MOhq6IN2w8EYcFNSUk,MIR,0.03412697061434178
hip-hop_11_No_Role_Modelz_J__Cole.wav,hip-hop,90.0,1.9159464836120603,True,0.2943292741659799,177,88.80000000000001,996,13780,0.9344303395651852,0.8661334047587409,0.1078587503532381,0.7425654862206569,0.1685267247213821,0.0,True,11,hip-hop_11_No_Role_Modelz_J__Cole,No Role Modelz,J. Cole,87.0,292799.0,https://open.spotify.com/track/68Dni7IE4VyPkTOH9mRWHr,68Dni7IE4VyPkTOH9mRWHr,MIR,0.12356791853808402
hip-hop_12_I_Smoked_Away_My_Brain__I_m_God_x_Demons_Mashup___feat__Imogen_Heap___Clams_Casino__A_AP_Rocky.wav,hip-hop,90.0,2.9374548196792603,True,0.3360649349259422,308,89.28,2616,42617,0.8154394721490311,0.7715455968165781,0.2082512087542486,0.7384724817975196,0.187565964410651,5.1228522970925905e-306,True,12,hip-hop_12_I_Smoked_Away_My_Brain__I_m_God_x_Demons_Mashup___feat__Imogen_Heap___Clams_Casino__A_AP_Rocky,I Smoked Away My Brain (I'm God x Demons Mashup) (feat. Imogen Heap & Clams Casino),"A$AP Rocky, Imogen Heap, Clams Casino",87.0,190285.0,https://open.spotify.com/track/3ZaEs1O8BG581qYPHpQ8d6,3ZaEs1O8BG581qYPHpQ8d6,MIR,0.03307311501905852
hip-hop_13_Love_Me_Lil_Wayne.wav,hip-hop,90.0,1.670069456100464,True,0.2086381381258495,305,88.64,2598,41757,0.8892720256872452,0.8008525712167577,0.1289079655974534,0.7033398272332915,0.1834920025005408,0.0,True,13,hip-hop_13_Love_Me_Lil_Wayne,Love Me,"Lil Wayne, Drake, Future",87.0,255053.0,https://open.spotify.com/track/2XHzzp1j4IfTNp1FTn7YFg,2XHzzp1j4IfTNp1FTn7YFg,MIR,0.09751274398346621
hip-hop_14_Yeah___feat__Lil_Jon___Ludacris__USHER.wav,hip-hop,90.0,1.158766508102417,True,0.7339711575205817,25,64.16,57,184,0.9640023209721243,0.9487875798301282,0.0291087163741232,0.9132549826658576,0.0847652440759618,0.0006454335786274,True,14,hip-hop_14_Yeah___feat__Lil_Jon___Ludacris__USHER,Yeah! (feat. Lil Jon & Ludacris),"USHER, Lil Jon, Ludacris",87.0,250373.0,https://open.spotify.com/track/5rb9QrpfcKFHM1EUbSIurX,5rb9QrpfcKFHM1EUbSIurX,MIR,0.035532597164270596
hip-hop_15_Unforgettable_French_Montana.wav,hip-hop,90.0,1.6641619205474854,True,0.5949755134186717,189,88.32000000000001,1067,15672,0.9657494716944696,0.9059692766051662,0.0741607489696395,0.8624526422312773,0.1145209591301418,0.0,True,15,hip-hop_15_Unforgettable_French_Montana,Unforgettable,"French Montana, Swae Lee",87.0,233901.0,https://open.spotify.com/track/3B54sVLJ402zGa6Xm4YGNe,3B54sVLJ402zGa6Xm4YGNe,MIR,0.043516634373888974
hip-hop_16_Gangsta_s_Paradise_Coolio.wav,hip-hop,90.0,1.8788440227508545,True,0.3209748549030767,74,84.47999999999999,173,2509,0.9591664270902976,0.9259966221150574,0.0486937194216898,0.8008466579350489,0.1282294500536174,0.0,True,16,hip-hop_16_Gangsta_s_Paradise_Coolio,Gangsta's Paradise,"Coolio, L.V.",88.0,240693.0,https://open.spotify.com/track/1DIXPcTDzTj8ZMHt3PDt8p,1DIXPcTDzTj8ZMHt3PDt8p,MIR,0.12514996418000846
hip-hop_17_Like_That_Future.wav,hip-hop,90.0,2.2527894973754883,True,0.3275329399447627,133,74.56,684,7316,0.90292687637744,0.90244266787448,0.1000171058111338,0.7769244035270245,0.1500480370036045,0.0,True,17,hip-hop_17_Like_That_Future,Like That,"Future, Metro Boomin, Kendrick Lamar",84.0,267706.0,https://open.spotify.com/track/2tudvzsrR56uom6smgOcSf,2tudvzsrR56uom6smgOcSf,MIR,0.1255182643474555
hip-hop_18_The_Spins_Mac_Miller.wav,hip-hop,90.0,1.0801308155059814,True,0.7679101447286331,18,75.84,36,117,0.9753008947309976,0.9676163167898768,0.0291250073361021,0.9107786123973186,0.0602369684605399,9.301343283918496e-24,True,18,hip-hop_18_The_Spins_Mac_Miller,The Spins,"Mac Miller, Empire Of The Sun",84.0,195873.0,https://open.spotify.com/track/2QGVKiAGTa1YcDqPMhAzF7,2QGVKiAGTa1YcDqPMhAzF7,MIR,0.0568377043925582
hip-hop_19_LOVE__FEAT__ZACARI__Kendrick_Lamar.wav,hip-hop,90.0,1.158787488937378,True,0.6057779392239211,199,88.48,1043,17639,0.9348108160918148,0.9050709882235628,0.0779838764271564,0.8885146597799107,0.0842615536648036,1.664498361059955e-178,True,19,hip-hop_19_LOVE__FEAT__ZACARI__Kendrick_Lamar,LOVE. FEAT. ZACARI.,"Kendrick Lamar, Zacari",84.0,213400.0,https://open.spotify.com/track/6PGoSes0D9eUDeeAafB2As,6PGoSes0D9eUDeeAafB2As,MIR,0.01655632844365207
hip-hop_20_Thinkin_Bout_You_Frank_Ocean.wav,hip-hop,90.0,0.7531896829605103,True,0.8268686953899501,5,0.6400000000000006,10,0,0.989810051575407,,,0.9296707051668972,0.0496981888846827,,False,20,hip-hop_20_Thinkin_Bout_You_Frank_Ocean,Thinkin Bout You,Frank Ocean,85.0,200746.0,https://open.spotify.com/track/7DfFc7a6Rwfi3YQMRbDMau,7DfFc7a6Rwfi3YQMRbDMau,MIR,
hip-hop_21_Passionfruit_Drake.wav,hip-hop,90.0,1.2796812057495115,True,0.4958616135143013,55,82.56,182,1178,0.9623486156195314,0.9387994323922108,0.0569074021162691,0.8635324188741424,0.07629558808051,3.160967310509555e-216,True,21,hip-hop_21_Passionfruit_Drake,Passionfruit,Drake,88.0,298940.0,https://open.spotify.com/track/5mCPDVBb16L4XQwDdbRUpz,5mCPDVBb16L4XQwDdbRUpz,MIR,0.0752670135180683
hip-hop_22_The_Color_Violet_Tory_Lanez.wav,hip-hop,90.0,1.172024488449097,True,0.6703355092887843,35,13.120000000000005,216,304,0.973689783097092,0.8568050916424631,0.0369327853184134,0.8782835293199673,0.0943718831989625,1.0,False,22,hip-hop_22_The_Color_Violet_Tory_Lanez,The Color Violet,Tory Lanez,87.0,226466.0,https://open.spotify.com/track/3azJifCSqg9fRij2yKIbWz,3azJifCSqg9fRij2yKIbWz,MIR,-0.021478437677504236
hip-hop_23_Flashing_Lights_Kanye_West.wav,hip-hop,90.0,1.4042086601257324,True,0.7016579357739542,95,84.96000000000001,329,3820,0.9389972675581386,0.9307415599308084,0.0583840380299055,0.9051952435859548,0.0672126540453197,8.010812737395063e-115,True,23,hip-hop_23_Flashing_Lights_Kanye_West,Flashing Lights,"Kanye West, Dwele",88.0,237506.0,https://open.spotify.com/track/5TRPicyLGbAF2LGBFbHGvO,5TRPicyLGbAF2LGBFbHGvO,MIR,0.025546316344853603
hip-hop_24_Time_of_Our_Lives_Pitbull.wav,hip-hop,90.0,1.378626585006714,True,0.5995454605548529,6,8.0,10,5,0.9436948001593866,0.9283602607384882,0.0511785170975434,0.8777109228728023,0.0844839115166676,0.0674152253245144,False,24,hip-hop_24_Time_of_Our_Lives_Pitbull,Time of Our Lives,"Pitbull, Ne-Yo",86.0,229358.0,https://open.spotify.com/track/2bJvI42r8EF3wxjOuDav4r,2bJvI42r8EF3wxjOuDav4r,MIR,0.05064933786568593
hip-hop_25_DJ_Got_Us_Fallin__In_Love__feat__Pitbull__USHER.wav,hip-hop,90.0,0.7745308876037598,True,0.970836950657288,72,74.72,232,2203,0.981653225581596,0.9789348586474294,0.0170579482256374,0.9533431541065596,0.0345835726513268,0.0,True,25,hip-hop_25_DJ_Got_Us_Fallin__In_Love__feat__Pitbull__USHER,DJ Got Us Fallin' In Love (feat. Pitbull),"USHER, Pitbull",85.0,220800.0,https://open.spotify.com/track/4356Typ82hUiFAynbLYbPn,4356Typ82hUiFAynbLYbPn,MIR,0.025591704540869786
hip-hop_26_Timber_Pitbull.wav,hip-hop,90.0,1.4932262897491455,True,0.6827730179845267,305,88.64,2119,41324,0.956489470185204,0.92285494338636,0.051831809808441,0.8892255344212673,0.0734864240564212,0.0,True,26,hip-hop_26_Timber_Pitbull,Timber,"Pitbull, Kesha",85.0,204134.0,https://open.spotify.com/track/3cHyrEgdyYRjgJKSOiOtcS,3cHyrEgdyYRjgJKSOiOtcS,MIR,0.0336294089650927
hip-hop_27_The_Real_Slim_Shady_Eminem.wav,hip-hop,90.0,0.7395801544189453,True,0.8977240920385716,249,87.67999999999999,1287,27414,0.968759042590976,0.9607544017078876,0.02467936861578,0.9419583553584104,0.0408785729043014,0.0,True,27,hip-hop_27_The_Real_Slim_Shady_Eminem,The Real Slim Shady,Eminem,86.0,284200.0,https://open.spotify.com/track/3yfqSUWxFvZELEM4PmlwIR,3yfqSUWxFvZELEM4PmlwIR,MIR,0.01879604634947718
hip-hop_28_Don_t_Bryson_Tiller.wav,hip-hop,90.0,1.3048665523529053,True,0.3472230598814798,203,85.12,1294,18027,0.8839071027053429,0.8444949805659275,0.0997606337114782,0.803727081080502,0.1274527448718027,0.0,True,28,hip-hop_28_Don_t_Bryson_Tiller,Don't,Bryson Tiller,84.0,198294.0,https://open.spotify.com/track/3pXF1nA74528Edde4of9CC,3pXF1nA74528Edde4of9CC,MIR,0.040767899485425585
hip-hop_29_Ivy_Frank_Ocean.wav,hip-hop,90.0,1.8110809326171875,True,0.1745850753672987,106,84.96,638,4590,0.8961804160295935,0.8088592556331864,0.1205294660797849,0.7196217860413568,0.1436499281907546,0.0,True,29,hip-hop_29_Ivy_Frank_Ocean,Ivy,Frank Ocean,84.0,249191.0,https://open.spotify.com/track/2ZWlPOoWh0626oTaHrnl2a,2ZWlPOoWh0626oTaHrnl2a,MIR,0.08923746959182954
hip-hop_30_The_Thrill_Wiz_Khalifa.wav,hip-hop,90.0,1.260549783706665,True,0.9641416224036324,377,89.12,3091,62952,0.9686160645196612,0.9556582005787077,0.0331128396600321,0.9456626915677824,0.0337870583087743,0.0,True,30,hip-hop_30_The_Thrill_Wiz_Khalifa,The Thrill,"Wiz Khalifa, Empire Of The Sun",80.0,234333.0,https://open.spotify.com/track/0ABFicfUWyGXe285n5JFdh,0ABFicfUWyGXe285n5JFdh,MIR,0.009995509010925274
hip-hop_31_Sundress_A_AP_Rocky.wav,hip-hop,90.0,1.411755084991455,True,0.7897951487672349,27,17.760000000000005,106,187,0.9498091465419868,0.9303447905196472,0.0404968868593731,0.9123330919506796,0.0750841146989388,0.1695656600162191,False,31,hip-hop_31_Sundress_A_AP_Rocky,Sundress,A$AP Rocky,80.0,158205.0,https://open.spotify.com/track/2aPTvyE09vUCRwVvj0I8WK,2aPTvyE09vUCRwVvj0I8WK,MIR,0.01801169856896767
hip-hop_32_Heartless_Kanye_West.wav,hip-hop,90.0,1.2606306076049805,True,0.3619342730925869,374,88.96,3267,62129,0.9284246598570236,0.8388588897301879,0.1339236625350116,0.8089240413960448,0.1275680884005623,0.0,True,32,hip-hop_32_Heartless_Kanye_West,Heartless,Kanye West,86.0,211000.0,https://open.spotify.com/track/4EWCNWgDS8707fNSZ1oaA5,4EWCNWgDS8707fNSZ1oaA5,MIR,0.02993484833414306
hip-hop_33_Lost_Frank_Ocean.wav,hip-hop,90.0,0.9219427108764648,True,0.993207090563522,45,49.28,186,708,0.9846530051708328,0.9769758681354715,0.0142297309671886,0.964312695990034,0.02250389832737,3.538139101602756e-56,True,33,hip-hop_33_Lost_Frank_Ocean,Lost,Frank Ocean,84.0,234093.0,https://open.spotify.com/track/3GZD6HmiNUhxXYf8Gch723,3GZD6HmiNUhxXYf8Gch723,MIR,0.012663172145437551
hip-hop_34_PRIDE__Kendrick_Lamar.wav,hip-hop,90.0,1.9945988655090332,True,0.5310011640490777,489,89.28,5192,106248,0.9014443237708872,0.8617308461164163,0.109036641627861,0.8519270139808404,0.1120242659883365,6.0193376820284695e-195,True,34,hip-hop_34_PRIDE__Kendrick_Lamar,PRIDE.,Kendrick Lamar,82.0,275253.0,https://open.spotify.com/track/6IZvVAP7VPPnsGX6bvgkqg,6IZvVAP7VPPnsGX6bvgkqg,MIR,0.009803832135575896
hip-hop_35_Hey_Ya__Outkast.wav,hip-hop,90.0,1.9800562858581543,True,0.8773554366254287,379,88.47999999999999,3151,63681,0.9726975852521202,0.9439155800635962,0.0374156887118948,0.926994444947244,0.0454272634815181,0.0,True,35,hip-hop_35_Hey_Ya__Outkast,Hey Ya!,Outkast,84.0,235213.0,https://open.spotify.com/track/2PpruBYCo4H7WOBJ7Q2EwM,2PpruBYCo4H7WOBJ7Q2EwM,MIR,0.01692113511635218
hip-hop_36_Falling_Down_-_Bonus_Track_Lil_Peep.wav,hip-hop,90.0,1.616772174835205,True,0.4453709690315099,131,73.92,577,7621,0.963818446927684,0.9588292649573676,0.0339491941957294,0.8451207503183527,0.0961006114840479,0.0,True,36,hip-hop_36_Falling_Down_-_Bonus_Track_Lil_Peep,Falling Down - Bonus Track,"Lil Peep, XXXTENTACION",85.0,196400.0,https://open.spotify.com/track/4jvjzW7Hm0yK4LvvE0Paz9,4jvjzW7Hm0yK4LvvE0Paz9,MIR,0.11370851463901499
hip-hop_37_Low__feat__T-Pain__Flo_Rida.wav,hip-hop,90.0,2.7458930015563965,True,0.7895340089308817,47,71.35999999999999,116,826,0.9208373762833576,0.8928015364319487,0.0926391176275429,0.9285936691320272,0.0971905584191538,1.0,False,37,hip-hop_37_Low__feat__T-Pain__Flo_Rida,Low (feat. T-Pain),"Flo Rida, T-Pain",86.0,231400.0,https://open.spotify.com/track/0CAfXk7DXMnon4gLudAp7J,0CAfXk7DXMnon4gLudAp7J,MIR,-0.03579213270007853
hip-hop_38_Till_I_Collapse_Eminem.wav,hip-hop,90.0,0.7309772968292236,True,0.9597128217267336,89,88.32000000000001,212,3415,0.9800081264039666,0.9714728511059008,0.0170662682701955,0.961291220304942,0.0260926911185775,6.7574356976092755e-108,True,38,hip-hop_38_Till_I_Collapse_Eminem,Till I Collapse,"Eminem, Nate Dogg",85.0,297786.0,https://open.spotify.com/track/4xkOaSrkexMciUUogZKVTS,4xkOaSrkexMciUUogZKVTS,MIR,0.010181630800958796
hip-hop_39_WAIT_FOR_U__feat__Drake___Tems__Future.wav,hip-hop,90.0,1.2479197978973389,True,0.4835046879888895,67,84.80000000000001,154,1905,0.9287973443660562,0.8907068401487228,0.0859249455079487,0.8331336208594661,0.1320527289759982,1.3577187419457569e-69,True,39,hip-hop_39_WAIT_FOR_U__feat__Drake___Tems__Future,WAIT FOR U (feat. Drake & Tems),"Future, Drake, Tems",85.0,189893.0,https://open.spotify.com/track/59nOXPmaKlBfGMDeOVGrIK,59nOXPmaKlBfGMDeOVGrIK,MIR,0.05757321928925674
hip-hop_40_Type_Shit_Future.wav,hip-hop,90.0,1.6615736484527588,True,0.18849536741204,101,36.16,822,3915,0.9440525033940662,0.9208329459667364,0.0521403022428191,0.6912906039359284,0.1607875928764598,0.0,True,40,hip-hop_40_Type_Shit_Future,Type Shit,"Future, Metro Boomin, Travis Scott, Playboi Carti",82.0,228266.0,https://open.spotify.com/track/28drn6tQo95MRvO0jQEo5C,28drn6tQo95MRvO0jQEo5C,MIR,0.22954234203080792
hip-hop_41_Ms__Jackson_Outkast.wav,hip-hop,90.0,1.4880552291870115,True,0.8171132212429828,40,54.08,104,634,0.9809134516675008,0.9606219997616656,0.0279902755351272,0.9168897791357922,0.0781970988495557,3.54689187841424e-72,True,41,hip-hop_41_Ms__Jackson_Outkast,Ms. Jackson,Outkast,84.0,270506.0,https://open.spotify.com/track/0I3q5fE6wg7LIfHGngUTnV,0I3q5fE6wg7LIfHGngUTnV,MIR,0.04373222062587345
hip-hop_42_I_Wonder_Kanye_West.wav,hip-hop,90.0,1.98559045791626,True,0.6585699886868783,300,88.16,2059,39849,0.936903379763629,0.8773284519130459,0.1135834987261105,0.8900997045890382,0.1202354436924465,1.0,False,42,hip-hop_42_I_Wonder_Kanye_West,I Wonder,Kanye West,83.0,243440.0,https://open.spotify.com/track/7rbECVPkY5UODxoOUVKZnA,7rbECVPkY5UODxoOUVKZnA,MIR,-0.012771252675992328
hip-hop_43_Low_Life__feat__The_Weeknd__Future.wav,hip-hop,90.0,2.824612617492676,True,0.1507839546316751,342,89.28,3027,51461,0.8551656675094632,0.6739566092175027,0.2470612158929274,0.511736031167621,0.2702495155720706,0.0,True,43,hip-hop_43_Low_Life__feat__The_Weeknd__Future,Low Life (feat. The Weeknd),"Future, The Weeknd",83.0,313546.0,https://open.spotify.com/track/7EiZI6JVHllARrX9PUvAdX,7EiZI6JVHllARrX9PUvAdX,MIR,0.16222057804988166
hip-hop_44_Fuck_Love_XXXTENTACION.wav,hip-hop,90.0,1.3317818641662598,True,0.3030209245533772,209,85.91999999999999,876,19148,0.9445024136325412,0.875330046105206,0.1076729363032228,0.666205504173618,0.24404216120201,0.0,True,44,hip-hop_44_Fuck_Love_XXXTENTACION,Fuck Love,"XXXTENTACION, Trippie Redd",83.0,146520.0,https://open.spotify.com/track/7AQim7LbvFVZJE3O8TYgf2,7AQim7LbvFVZJE3O8TYgf2,MIR,0.20912454193158803
hip-hop_45_nuts_Lil_Peep.wav,hip-hop,85.35658333333333,2.16414737701416,True,0.2608890608883849,133,83.84,518,7712,0.8625251668842729,0.8393762217089803,0.1345936655786934,0.7142641108822991,0.2030486753648571,0.0,True,45,hip-hop_45_nuts_Lil_Peep,nuts,"Lil Peep, rainy bear",87.0,85360.0,https://open.spotify.com/track/4k3xDpAdBuM17mNNHhOZkK,4k3xDpAdBuM17mNNHhOZkK,MIR,0.12511211082668117
hip-hop_46_Money_Trees_Kendrick_Lamar.wav,hip-hop,90.0,2.2156245708465576,True,0.1896230281518564,99,83.52,567,4048,0.9408713934132013,0.8973457758517813,0.0770809579092452,0.6384962770630879,0.2113887343700503,0.0,True,46,hip-hop_46_Money_Trees_Kendrick_Lamar,Money Trees,"Kendrick Lamar, Jay Rock",80.0,386906.0,https://open.spotify.com/track/2HbKqm4o0w5wEeEFXm2sD4,2HbKqm4o0w5wEeEFXm2sD4,MIR,0.25884949878869346
hip-hop_47_Headlines_Drake.wav,hip-hop,90.0,1.1537508964538574,True,0.3359323504285073,100,83.2,435,4183,0.9415939770717178,0.8620333194759935,0.0839008069272436,0.7891166104984879,0.1327535597775984,1.6110342917578917e-252,True,47,hip-hop_47_Headlines_Drake,Headlines,Drake,88.0,235986.0,https://open.spotify.com/track/6LxSe8YmdPxy095Ux6znaQ,6LxSe8YmdPxy095Ux6znaQ,MIR,0.07291670897750557
hip-hop_48_Novacane_Frank_Ocean.wav,hip-hop,90.0,1.290867805480957,True,0.9501555318142986,4,56.64,2,4,0.9873420705940924,0.9573531195028568,0.0158355309272825,0.9524399713744768,0.0333366109878027,0.4924373016338311,False,48,hip-hop_48_Novacane_Frank_Ocean,Novacane,Frank Ocean,83.0,302346.0,https://open.spotify.com/track/4osgfFTICMkcGbbigdsa53,4osgfFTICMkcGbbigdsa53,MIR,0.004913148128380063
hip-hop_49_EARFQUAKE_Tyler__The_Creator.wav,hip-hop,90.0,2.282692193984986,True,0.2117438638748795,143,72.32,1040,8667,0.92867334011517,0.8620731667515829,0.1266430597653276,0.6501007014614184,0.2292215045460232,0.0,True,49,hip-hop_49_EARFQUAKE_Tyler__The_Creator,EARFQUAKE,"Tyler, The Creator",79.0,190072.0,https://open.spotify.com/track/5hVghJ4KaYES3BFUATCYn0,5hVghJ4KaYES3BFUATCYn0,MIR,0.21197246529016445
hip-hop_50_Solo_Future.wav,hip-hop,90.0,2.84527051448822,True,0.19720716359202,221,86.88000000000001,1778,21913,0.8661369332380355,0.8162708335349532,0.1435678044173028,0.6015798287828065,0.2436407893539893,0.0,True,50,hip-hop_50_Solo_Future,Solo,Future,84.0,265996.0,https://open.spotify.com/track/4lH6nENd1y81jp7Yt9lTBX,4lH6nENd1y81jp7Yt9lTBX,MIR,0.21469100475214675
reggae_01_Si_Antes_Te_Hubiera_Conocido_KAROL_G.wav,reggae,90.0,1.459316968917847,True,0.7485004290424264,23,78.88,40,202,0.9544159484100324,0.8852211765953942,0.0760221152316439,0.9075853456978068,0.0909593733093998,0.9999998529146312,False,1,reggae_01_Si_Antes_Te_Hubiera_Conocido_KAROL_G,Si Antes Te Hubiera Conocido,KAROL G,84.0,195824.0,https://open.spotify.com/track/6WatFBLVB0x077xWeoVc2k,6WatFBLVB0x077xWeoVc2k,MIR,-0.022364169102412568
reggae_02_LA_CANCIÓN_J_Balvin.wav,reggae,90.0,1.2482998371124268,True,0.4598348926386644,85,88.80000000000001,455,2661,0.925477579586258,0.8656436847205853,0.0836734454982214,0.8500576067424575,0.0883745057610448,8.784307556644109e-25,True,2,reggae_02_LA_CANCIÓN_J_Balvin,LA CANCIÓN,"J Balvin, Bad Bunny",89.0,242573.0,https://open.spotify.com/track/0fea68AdmYNygeTGI4RC18,0fea68AdmYNygeTGI4RC18,MIR,0.015586077978127832
reggae_03_LUNA_Feid.wav,reggae,90.0,1.30601704120636,True,0.6716762117851628,9,77.28,10,26,0.9547137052135828,0.9256647869394532,0.0310599629857455,0.8925754387281957,0.1031889607442882,0.6122574281017498,False,3,reggae_03_LUNA_Feid,LUNA,"Feid, ATL Jacob",86.0,196800.0,https://open.spotify.com/track/7bywjHOc0wSjGGbj04XbVi,7bywjHOc0wSjGGbj04XbVi,MIR,0.03308934821125753
reggae_04_Gata_Only_FloyyMenor.wav,reggae,90.0,1.7323753833770752,True,0.6390742756485843,381,89.28,3241,64355,0.9219024819157696,0.8906366299953145,0.0869753075874408,0.8895372313297971,0.0826976507634054,1.727182588762699e-23,True,4,reggae_04_Gata_Only_FloyyMenor,Gata Only (Remix),"FloyyMenor, Ozuna, Anitta",80.0,230513.0,https://open.spotify.com/track/0JGTfiC4Z41GEEpMYLbWwO,0JGTfiC4Z41GEEpMYLbWwO,MIR,0.0010993986655173371
reggae_05_Moscow_Mule_Bad_Bunny.wav,reggae,90.0,2.0197336673736572,True,0.4214543877221467,291,89.28,1977,37258,0.8661444214365438,0.7363375413208293,0.1834252625509908,0.7846142058970267,0.1663233737126952,1.0,False,5,reggae_05_Moscow_Mule_Bad_Bunny,Moscow Mule,Bad Bunny,85.0,245939.0,https://open.spotify.com/track/6Xom58OOXk2SoU711L2IXO,6Xom58OOXk2SoU711L2IXO,MIR,-0.04827666457619739
reggae_06_Ojitos_Lindos_Bad_Bunny.wav,reggae,90.0,2.253493070602417,True,0.3520576723677161,525,89.28,5883,122727,0.8928892361439527,0.813253958114617,0.114942683585788,0.804791080630204,0.1182488617012552,3.864764695533151e-117,True,6,reggae_06_Ojitos_Lindos_Bad_Bunny,Ojitos Lindos,"Bad Bunny, Bomba Estéreo",85.0,258298.0,https://open.spotify.com/track/3k3NWokhRRkEPhCzPmV8TW,3k3NWokhRRkEPhCzPmV8TW,MIR,0.00846287748441299
reggae_07_Could_You_Be_Loved_Bob_Marley___The_Wailers.wav,reggae,90.0,0.8255829811096191,True,0.8083368326155346,10,85.12,12,33,0.995461770496893,0.9705950878295456,0.0100721327058354,0.9089959783973028,0.0477949771013802,9.32908099432188e-17,True,7,reggae_07_Could_You_Be_Loved_Bob_Marley___The_Wailers,Could You Be Loved,Bob Marley & The Wailers,84.0,237000.0,https://open.spotify.com/track/5O4erNlJ74PIF6kGol1ZrC,5O4erNlJ74PIF6kGol1ZrC,MIR,0.06159910943224278
reggae_08_Tití_Me_Preguntó_Bad_Bunny.wav,reggae,90.0,2.345280885696411,True,0.536571601609397,105,43.67999999999999,899,3712,0.8646130866737327,0.722844281247011,0.1389937989005789,0.8315916943190244,0.1615390124402304,1.0,False,8,reggae_08_Tití_Me_Preguntó_Bad_Bunny,Tití Me Preguntó,Bad Bunny,86.0,243716.0,https://open.spotify.com/track/1IHWl5LamUGEuP4ozKQSXZ,1IHWl5LamUGEuP4ozKQSXZ,MIR,-0.10874741307201341
reggae_09_PERRO_NEGRO_Bad_Bunny.wav,reggae,90.0,1.3959615230560305,True,0.585019084990692,442,89.28,4253,86904,0.9086555367199254,0.8281996111239721,0.1458737336536403,0.8369457586088921,0.1433790971753355,1.0,False,9,reggae_09_PERRO_NEGRO_Bad_Bunny,PERRO NEGRO,"Bad Bunny, Feid",83.0,162767.0,https://open.spotify.com/track/7iQXYTyuG13aoeHxGG28Nh,7iQXYTyuG13aoeHxGG28Nh,MIR,-0.008746147484919975
reggae_10_Azul_J_Balvin.wav,reggae,90.0,1.717729091644287,True,0.8704250321545737,124,89.28,463,6659,0.9602515184032172,0.944250287571836,0.0555296000003614,0.9365172782777612,0.0591995094918094,5.7510793052142615e-64,True,10,reggae_10_Azul_J_Balvin,Azul,J Balvin,79.0,205933.0,https://open.spotify.com/track/2lCkncy6bIB0LTMT7kvrD1,2lCkncy6bIB0LTMT7kvrD1,MIR,0.007733009294074833
reggae_11_Rude_MAGIC_.wav,reggae,90.0,1.294973373413086,True,0.5618587263704018,6,28.0,7,8,0.9329155282725912,0.9021962615051744,0.0401928749200303,0.8611399674027903,0.1070526849875955,0.2090704917436727,False,11,reggae_11_Rude_MAGIC_,Rude,MAGIC!,85.0,224849.0,https://open.spotify.com/track/6RtPijgfPKROxEzTHNRiDp,6RtPijgfPKROxEzTHNRiDp,MIR,0.041056294102384094
reggae_12_X__feat__Maluma___Ozuna__-_Remix_Nicky_Jam.wav,reggae,90.0,1.395639181137085,True,0.7482703892733727,11,76.16,23,31,0.968674993760238,0.962065973422648,0.0357542077165983,0.9033210959484672,0.0778360756762692,7.288471944675275e-08,True,12,reggae_12_X__feat__Maluma___Ozuna__-_Remix_Nicky_Jam,X (feat. Maluma & Ozuna) - Remix,"Nicky Jam, J Balvin, Maluma, Ozuna",82.0,236000.0,https://open.spotify.com/track/6JjPBQfI2Y8nIjnm65X6Pw,6JjPBQfI2Y8nIjnm65X6Pw,MIR,0.05874487747418078
reggae_13_Me_Porto_Bonito_Bad_Bunny.wav,reggae,90.0,1.13969087600708,True,0.8609346010912724,26,84.0,41,284,0.9805498436430996,0.9628003755431094,0.0267606676242836,0.9227200162873218,0.0537044612270378,3.3698142207471353e-46,True,13,reggae_13_Me_Porto_Bonito_Bad_Bunny,Me Porto Bonito,"Bad Bunny, Chencho Corleone",84.0,178567.0,https://open.spotify.com/track/6Sq7ltF9Qa7SNFBsV5Cogx,6Sq7ltF9Qa7SNFBsV5Cogx,MIR,0.04008035925578757
reggae_14_Dile_Don_Omar.wav,reggae,90.0,1.7703099250793457,True,0.7993073624687661,21,81.76,15,190,0.961823046716354,0.9603998505437276,0.0331975739514761,0.926461721365806,0.0667668415218083,2.719908591611409e-13,True,14,reggae_14_Dile_Don_Omar,Dile,Don Omar,84.0,204600.0,https://open.spotify.com/track/69Ej1xrGjOcHvIMtMKxK0G,69Ej1xrGjOcHvIMtMKxK0G,MIR,0.033938129177921605
reggae_15_PROVENZA_KAROL_G.wav,reggae,90.0,2.2314202785491943,True,0.5205284996861663,287,89.28,2594,35636,0.9555399928068172,0.8519050295805923,0.1136107115559282,0.8293439387828547,0.1304453021990006,2.752756700543627e-171,True,15,reggae_15_PROVENZA_KAROL_G,PROVENZA,KAROL G,82.0,207626.0,https://open.spotify.com/track/3HqcNJdZ2seoGxhn0wVNDK,3HqcNJdZ2seoGxhn0wVNDK,MIR,0.022561090797737604
reggae_16_No_Me_Conoce_-_Remix_JHAYCO.wav,reggae,90.0,1.5721595287322998,True,0.5556519335868765,92,73.12,361,3588,0.949787084657705,0.9264169462280176,0.0605162575103047,0.8606588120969428,0.1083165480675112,0.0,True,16,reggae_16_No_Me_Conoce_-_Remix_JHAYCO,No Me Conoce - Remix,"JHAYCO, J Balvin, Bad Bunny",85.0,309120.0,https://open.spotify.com/track/2beS6dD5rovBxSA1zYoSHR,2beS6dD5rovBxSA1zYoSHR,MIR,0.06575813413107479
reggae_17_AMARGURA_KAROL_G.wav,reggae,90.0,1.8152620792388916,True,0.2566660853766098,209,85.91999999999999,1273,19317,0.8876964568755626,0.8187268116781946,0.1151036228955405,0.7947947813065064,0.1145364998546624,1.503194169667799e-216,True,17,reggae_17_AMARGURA_KAROL_G,AMARGURA,KAROL G,82.0,170480.0,https://open.spotify.com/track/505v13epFXodT9fVAJ6h8k,505v13epFXodT9fVAJ6h8k,MIR,0.02393203037168823
reggae_18_Borro_Cassette_Maluma.wav,reggae,90.0,1.5936486721038818,True,0.4591911086544436,237,87.2,1544,24915,0.9118957993239216,0.8712610751572712,0.0970242922736912,0.8431728209953435,0.1130968162067187,2.5507171923442356e-304,True,18,reggae_18_Borro_Cassette_Maluma,Borro Cassette,Maluma,85.0,207296.0,https://open.spotify.com/track/6DUdDIRgLqCGq1DwkNWQTN,6DUdDIRgLqCGq1DwkNWQTN,MIR,0.028088254161927728
reggae_19_Me_Rehúso_Danny_Ocean.wav,reggae,90.0,1.0220282077789309,True,0.4643401214161736,90,83.2,257,3454,0.980989059254246,0.9760203560735792,0.0204192987182951,0.828446269801979,0.1359662934475048,0.0,True,19,reggae_19_Me_Rehúso_Danny_Ocean,Me Rehúso,Danny Ocean,76.0,205714.0,https://open.spotify.com/track/6De0lHrwBfPfrhorm9q1Xl,6De0lHrwBfPfrhorm9q1Xl,MIR,0.14757408627160018
reggae_20_Santeria_Sublime.wav,reggae,90.0,1.5376298427581787,True,0.707438770955559,278,87.52,1858,34150,0.9455146679000154,0.9113186766673762,0.053748877204329,0.9043746506728738,0.0543208875604212,6.966678042207246e-130,True,20,reggae_20_Santeria_Sublime,Santeria,Sublime,82.0,182746.0,https://open.spotify.com/track/2hnMS47jN0etwvFPzYk11f,2hnMS47jN0etwvFPzYk11f,MIR,0.00694402599450239
reggae_21_LOKERA_Rauw_Alejandro.wav,reggae,90.0,2.1526973247528076,True,0.5929579122915146,61,81.11999999999999,330,1247,0.905683155582563,0.8690591749278306,0.1131914039351114,0.8670835050204285,0.1111518072678337,0.0886828361982874,False,21,reggae_21_LOKERA_Rauw_Alejandro,LOKERA,"Rauw Alejandro, Lyanno, Brray",78.0,197101.0,https://open.spotify.com/track/1aUq8rjW1EwkAkMri4VfJy,1aUq8rjW1EwkAkMri4VfJy,MIR,0.0019756699074020556
reggae_22_Efecto_Bad_Bunny.wav,reggae,90.0,2.0541305541992188,True,0.4922876239989272,545,89.28,6372,132197,0.9230478343250218,0.8405453400984395,0.1280423929286717,0.8278909637014287,0.1402870907520097,4.837888350754401e-111,True,22,reggae_22_Efecto_Bad_Bunny,Efecto,Bad Bunny,83.0,213061.0,https://open.spotify.com/track/5Eax0qFko2dh7Rl2lYs3bx,5Eax0qFko2dh7Rl2lYs3bx,MIR,0.012654376397010836
reggae_23_Otro_Atardecer_Bad_Bunny.wav,reggae,90.0,1.817786693572998,True,0.3094219983241218,7,26.879999999999995,9,12,0.9583674700059842,0.932973281404516,0.0222704427765055,0.7809196927525625,0.1487361838401644,3.5445983029201182e-06,True,23,reggae_23_Otro_Atardecer_Bad_Bunny,Otro Atardecer,"Bad Bunny, The Marías",82.0,244444.0,https://open.spotify.com/track/0E0DRHf5PfMeor0ZCwB3oT,0E0DRHf5PfMeor0ZCwB3oT,MIR,0.1520535886519535
reggae_24_QLONA_KAROL_G.wav,reggae,90.0,1.2090122699737549,True,0.6963507785404499,22,75.67999999999999,28,199,0.9726414224391056,0.9497354000232217,0.0278871327449151,0.8712236992718346,0.1231280907338831,1.9139650799026537e-36,True,24,reggae_24_QLONA_KAROL_G,QLONA,"KAROL G, Peso Pluma",71.0,172797.0,https://open.spotify.com/track/3XB5uhhlYSnkxpSihkNQwh,3XB5uhhlYSnkxpSihkNQwh,MIR,0.07851170075138703
reggae_25_TQG_KAROL_G.wav,reggae,90.0,1.5818570852279663,True,0.2180194041755932,34,24.479999999999997,240,289,0.8938053584117163,0.8194964318239568,0.1128626303940412,0.6510811657664273,0.20259353392136,8.474639274370473e-40,True,25,reggae_25_TQG_KAROL_G,TQG,"KAROL G, Shakira",67.0,198360.0,https://open.spotify.com/track/2oMjKuKUEJFuLiVmTq7Vjx,2oMjKuKUEJFuLiVmTq7Vjx,MIR,0.16841526605752954
reggae_26_Se_Preparó_Ozuna.wav,reggae,90.0,1.5000417232513428,True,0.5117550070164019,145,89.28,601,9512,0.9409363347760992,0.9263372559911196,0.0486976503660041,0.8679981462358467,0.0838126558899659,0.0,True,26,reggae_26_Se_Preparó_Ozuna,Se Preparó,Ozuna,82.0,188080.0,https://open.spotify.com/track/1m69ELEgE6k5ZWsap40ozt,1m69ELEgE6k5ZWsap40ozt,MIR,0.0583391097552729
reggae_27_MOJABI_GHOST_Tainy.wav,reggae,90.0,1.7891945838928225,True,0.470588716719308,524,89.28,5903,122075,0.9071062396602744,0.8150982611342713,0.1343112245136246,0.8181976053358103,0.1335374041269405,1.0,False,27,reggae_27_MOJABI_GHOST_Tainy,MOJABI GHOST,"Tainy, Bad Bunny",85.0,232131.0,https://open.spotify.com/track/46YjJXVXWHlQ21odKktg5e,46YjJXVXWHlQ21odKktg5e,MIR,-0.0030993442015390116
reggae_28_PELIGROSA_FloyyMenor.wav,reggae,90.0,1.6247975826263428,True,0.7574757573716288,270,79.36000000000001,1935,31176,0.9561649398783236,0.9363821715046788,0.0530123706602539,0.9103937949951362,0.0602016230761115,0.0,True,28,reggae_28_PELIGROSA_FloyyMenor,PELIGROSA,FloyyMenor,77.0,134930.0,https://open.spotify.com/track/5PCGEfALcpGtURIuTqvX0R,5PCGEfALcpGtURIuTqvX0R,MIR,0.025988376509542666
reggae_29_LALA_Myke_Towers.wav,reggae,90.0,1.0380792617797852,True,0.7516006146984962,95,85.6,472,3925,0.9871392492414504,0.9797021119650282,0.0153017068549042,0.9043355998183998,0.0640397898907331,0.0,True,29,reggae_29_LALA_Myke_Towers,LALA,Myke Towers,80.0,197920.0,https://open.spotify.com/track/7ABLbnD53cQK00mhcaOUVG,7ABLbnD53cQK00mhcaOUVG,MIR,0.07536651214662837
reggae_30_frente_al_mar_Beéle.wav,reggae,90.0,1.1669752597808838,True,0.6625484049883501,12,31.039999999999992,16,42,0.9462172175049036,0.907035372730954,0.0517892001999476,0.8931091543569353,0.0745106277788486,0.321621841697019,False,30,reggae_30_frente_al_mar_Beéle,frente al mar,Beéle,72.0,165178.0,https://open.spotify.com/track/60u6hcpH5Qm1M3xESdNBrB,60u6hcpH5Qm1M3xESdNBrB,MIR,0.01392621837401875
reggae_31_Desenfocao__Rauw_Alejandro.wav,reggae,90.0,2.012511968612671,True,0.3102853714474941,264,72.8,2773,28411,0.9591674738342014,0.8197653433772374,0.1475907954209202,0.7800000708438494,0.1455923411312029,0.0,True,31,reggae_31_Desenfocao__Rauw_Alejandro,Desenfocao',Rauw Alejandro,79.0,170535.0,https://open.spotify.com/track/2CEf2gU5ZJamLXa3NrgAvA,2CEf2gU5ZJamLXa3NrgAvA,MIR,0.03976527253338802
reggae_32_La_Old_Skul_Rauw_Alejandro.wav,reggae,90.0,1.5370347499847412,True,0.5498568704392601,523,88.32,5890,121499,0.9197356801074736,0.8393246280959629,0.1358398143134732,0.8421523474299776,0.1334638527570551,0.9999999999999916,False,32,reggae_32_La_Old_Skul_Rauw_Alejandro,La Old Skul,Rauw Alejandro,77.0,214857.0,https://open.spotify.com/track/4Z8HZSApeddaRM2ovivUj4,4Z8HZSApeddaRM2ovivUj4,MIR,-0.002827719334014711
reggae_33_Todo_De_Ti_Rauw_Alejandro.wav,reggae,90.0,1.6891517639160156,True,0.5249212897588234,281,88.32,2458,33760,0.9664157894417158,0.9301076648943298,0.064774362512733,0.8300018872007605,0.1405675132750607,0.0,True,33,reggae_33_Todo_De_Ti_Rauw_Alejandro,Todo De Ti,Rauw Alejandro,80.0,199604.0,https://open.spotify.com/track/3rdAz1fbUfZxYgaCviYhRo,3rdAz1fbUfZxYgaCviYhRo,MIR,0.10010577769356932
reggae_34_Desesperados_Rauw_Alejandro.wav,reggae,90.0,2.0514540672302246,True,0.3874769975969847,34,55.36,154,318,0.9258323844580784,0.904952273169994,0.0574898617459436,0.8078718042262407,0.1305589666376306,6.9869781820978986e-43,True,34,reggae_34_Desesperados_Rauw_Alejandro,Desesperados,"Rauw Alejandro, Chencho Corleone",69.0,224996.0,https://open.spotify.com/track/6ZOcbKub95XSDESsKKuH41,6ZOcbKub95XSDESsKKuH41,MIR,0.09708046894375333
reggae_35_QUE_PRETENDES_J_Balvin.wav,reggae,90.0,1.1725585460662842,True,0.7682006218754348,75,84.32000000000001,144,2490,0.9795700643953666,0.9554324771265302,0.0326379295539487,0.9222510859555882,0.0730778834099777,3.092123522829953e-126,True,35,reggae_35_QUE_PRETENDES_J_Balvin,QUE PRETENDES,"J Balvin, Bad Bunny",82.0,222346.0,https://open.spotify.com/track/25ZAibhr3bdlMCLmubZDVt,25ZAibhr3bdlMCLmubZDVt,MIR,0.03318139117094199
reggae_36_Salió_El_Sol_Don_Omar.wav,reggae,90.0,0.6316893100738525,True,0.996400702332694,68,85.28,146,1987,0.986530907600108,0.9797483777703732,0.0110278455744665,0.9735517399968304,0.0167247177245585,4.628792852039708e-49,True,36,reggae_36_Salió_El_Sol_Don_Omar,Salió El Sol,Don Omar,82.0,315293.0,https://open.spotify.com/track/48NXpYRuvv9izul4oXhqS9,48NXpYRuvv9izul4oXhqS9,MIR,0.006196637773542735
reggae_37_MI_EX_TENÍA_RAZÓN_KAROL_G.wav,reggae,90.0,1.2876462936401367,True,0.3774051085952654,6,38.72,7,8,0.9695601440733238,0.9368002851937054,0.0145751693502045,0.8065745315616295,0.1328763002289733,0.00040899126769,True,37,reggae_37_MI_EX_TENÍA_RAZÓN_KAROL_G,MI EX TENÍA RAZÓN,KAROL G,78.0,154374.0,https://open.spotify.com/track/54zcJnb3tp9c5OVKREZ1Is,54zcJnb3tp9c5OVKREZ1Is,MIR,0.1302257536320759
reggae_38_Hawái_Maluma.wav,reggae,90.0,1.3049371242523191,True,0.8995150529991734,80,87.52000000000001,414,2529,0.973107667157418,0.9561674848384084,0.0398805388178558,0.9317886369059648,0.0505904778144466,1.7761938920270834e-256,True,38,reggae_38_Hawái_Maluma,Hawái,Maluma,81.0,199112.0,https://open.spotify.com/track/1yoMvmasuxZfqHEipJhRbp,1yoMvmasuxZfqHEipJhRbp,MIR,0.024378847932443604
reggae_39_La_Santa_Bad_Bunny.wav,reggae,90.0,1.509643793106079,True,0.7720888857550989,19,3.359999999999999,132,0,0.8884697243150024,,,0.9039692968405548,0.0849356588014447,,False,39,reggae_39_La_Santa_Bad_Bunny,La Santa,"Bad Bunny, Daddy Yankee",81.0,206420.0,https://open.spotify.com/track/69vlMrzHwATKzupwNcUPyK,69vlMrzHwATKzupwNcUPyK,MIR,
reggae_40_El_Perdedor_Maluma.wav,reggae,90.0,1.4724767208099363,True,0.7565187063127471,282,88.8,1827,35124,0.9293662134068196,0.9085784969966256,0.0672092504300512,0.9160681155930718,0.0667672562640366,1.0,False,40,reggae_40_El_Perdedor_Maluma,El Perdedor,Maluma,81.0,207168.0,https://open.spotify.com/track/1iEwyiSLAunPR6uouANE0O,1iEwyiSLAunPR6uouANE0O,MIR,-0.007489618596446146
reggae_41_Hey_Mor_Ozuna.wav,reggae,90.0,1.4129996299743652,True,0.7393379966646122,121,82.39999999999999,634,6453,0.959762043954826,0.8980996613199069,0.146587526774915,0.8807632909523707,0.1474255807497801,5.724633664266213e-291,True,41,reggae_41_Hey_Mor_Ozuna,Hey Mor,"Ozuna, Feid",79.0,196600.0,https://open.spotify.com/track/1zsPaEkglFvxjAhrM8yhpr,1zsPaEkglFvxjAhrM8yhpr,MIR,0.017336370367536214
reggae_42_Feliz_Cumpleaños_Ferxxo_Feid.wav,reggae,90.0,1.4468977451324463,True,0.6167324657631699,319,89.28,2465,45153,0.944342894543217,0.8933292970560328,0.0587760654500331,0.8815328029727642,0.066632294149741,5.45154317873426e-245,True,42,reggae_42_Feliz_Cumpleaños_Ferxxo_Feid,Feliz Cumpleaños Ferxxo,Feid,66.0,156400.0,https://open.spotify.com/track/3kUq4sBcmxhnOtNysZ9yrp,3kUq4sBcmxhnOtNysZ9yrp,MIR,0.01179649408326866
reggae_43_It_Wasn_t_Me_Shaggy.wav,reggae,90.0,1.0394432544708252,True,0.9091400831391676,137,86.4,352,8213,0.9639954731039566,0.9622364659898892,0.0237552752839399,0.9490829776314254,0.0329353729140068,2.3438802813906513e-308,True,43,reggae_43_It_Wasn_t_Me_Shaggy,It Wasn't Me,"Shaggy, Rik Rok",82.0,227600.0,https://open.spotify.com/track/3WkibOpDF7cQ5xntM1epyf,3WkibOpDF7cQ5xntM1epyf,MIR,0.01315348835846386
reggae_44_Three_Little_Birds_Bob_Marley___The_Wailers.wav,reggae,90.0,1.4115569591522217,True,0.3684302839108775,108,84.80000000000001,298,5153,0.9697367120645604,0.9353470160088266,0.0511080043754932,0.814367922976009,0.1163082600758202,0.0,True,44,reggae_44_Three_Little_Birds_Bob_Marley___The_Wailers,Three Little Birds,Bob Marley & The Wailers,80.0,180266.0,https://open.spotify.com/track/7yFvSYKk3g5g8e7Ffl16ws,7yFvSYKk3g5g8e7Ffl16ws,MIR,0.12097909303281762
reggae_45_Is_This_Love_Bob_Marley___The_Wailers.wav,reggae,90.0,1.7940938472747805,True,0.7501857505031726,504,88.96,5499,112973,0.9444402524602244,0.9112655120093358,0.0550761885035169,0.906920248170326,0.0612721557304599,6.605274006123957e-42,True,45,reggae_45_Is_This_Love_Bob_Marley___The_Wailers,Is This Love,Bob Marley & The Wailers,80.0,232200.0,https://open.spotify.com/track/6JRLFiX9NJSoRRKxowlBYr,6JRLFiX9NJSoRRKxowlBYr,MIR,0.004345263839009794
reggae_46_Jamming_Bob_Marley___The_Wailers.wav,reggae,90.0,1.470688819885254,True,0.6257407828277264,175,88.16,910,13659,0.95695032826848,0.9333810808648108,0.0452172739817328,0.8865504533672014,0.0739917294908187,0.0,True,46,reggae_46_Jamming_Bob_Marley___The_Wailers,Jamming - FISHER Rework,"Bob Marley & The Wailers, FISHER",67.0,201928.0,https://open.spotify.com/track/2gKewcQZEV1fqoWH81RUDk,2gKewcQZEV1fqoWH81RUDk,MIR,0.046830627497609356
reggae_47_Angel_Shaggy.wav,reggae,90.0,1.1446752548217771,True,0.7280409916514576,196,88.0,1103,16916,0.9205103688177348,0.9164954285356824,0.0648812317471959,0.9076641233765892,0.0635079511885513,3.5432059906189393e-128,True,47,reggae_47_Angel_Shaggy,Angel,"Shaggy, Rayvon",81.0,235133.0,https://open.spotify.com/track/7FDV5ELOJHCGLe52AnttEd,7FDV5ELOJHCGLe52AnttEd,MIR,0.00883130515909325
reggae_48_Baby__I_Love_Your_Way_Big_Mountain.wav,reggae,90.0,2.029493570327759,True,0.1619415759423981,467,88.80000000000001,5015,96230,0.8273612964831832,0.7136463036586836,0.1665553130804081,0.6852864970186606,0.1817344474407439,0.0,True,48,reggae_48_Baby__I_Love_Your_Way_Big_Mountain,"Baby, I Love Your Way",Big Mountain,71.0,249520.0,https://open.spotify.com/track/1Rvl8qsKJurfFTyWLBI9ib,1Rvl8qsKJurfFTyWLBI9ib,MIR,0.028359806640023022
reggae_49_Red_Red_Wine_UB40.wav,reggae,90.0,2.0809237957000732,True,0.4137945796485944,372,89.28,3238,61762,0.9254053349365337,0.861664206461415,0.0951909656203979,0.8529464880365556,0.0885086226700926,2.2254768872606264e-146,True,49,reggae_49_Red_Red_Wine_UB40,Red Red Wine,UB40,74.0,183733.0,https://open.spotify.com/track/4uOKFydzAejjSFqYbv1XPt,4uOKFydzAejjSFqYbv1XPt,MIR,0.008717718424859355
reggae_50_Closer_to_the_Sun_Slightly_Stoopid.wav,reggae,90.0,1.7554891109466553,True,0.3430455779670503,209,88.16,1138,19649,0.8957549407539768,0.8555186522494618,0.1106325375295913,0.7833580649207009,0.1578612781468781,0.0,True,50,reggae_50_Closer_to_the_Sun_Slightly_Stoopid,Closer to the Sun,Slightly Stoopid,65.0,145560.0,https://open.spotify.com/track/1UL8GkVAs6UcWF6BZ3DYZt,1UL8GkVAs6UcWF6BZ3DYZt,MIR,0.07216058732876085
